"Date.ti";"WeekSubWeek";"tf";"iflux";"fflux";"changeflux";"maxQ";"minQ";"dryHrsIni";"dryHrsMax";"dryHrsAve";"noEventHrsIni";"noEventHrsMax";"noEventHrsAve";"chExtreme";"Peak";"AveDischarge.m3.h";"Volume.m3";"Sampled.Hrs";"Sampled";"CumRain.mm";"RainInt.mmhr";"Conc.mug.L";"Conc.SD";"OXA_mean";"OXA_SD";"ESA_mean";"ESA_SD";"N.x";"N_d13C.diss";"Conc.Solids.mug.gMES";"Conc.Solids.ug.gMES.SD";"N.y";"filt.d13C";"filt.SD.d13C";"DD13C.diss";"DD13C.filt";"NH4.mM";"TIC.ppm.filt";"Cl.mM";"NO3...mM";"PO4..mM";"NPOC.ppm";"TIC.ppm.unfilt";"TOC.ppm.unfilt";"ExpMES.Kg";"Appl.Mass.g.N";"Appl.Mass.g.T";"Appl.Mass.g.S";"Appl.Mass.g.N.OT";"Appl.Mass.g.T.OT";"Appl.Mass.g.S.OT";"Appl.Mass.g.NoSo";"DissSmeto.g";"DissSmeto.g.SD";"DissOXA.g";"DissOXA.g.SD";"DissESA.g";"DissESA.g.SD";"FiltSmeto.g";"FiltSmeto.g.SD";"BalMassDisch.g";"prctMassOut";"Events";"Weeks";"Event";"Duration.Hrs";"timeSinceApp";"timeSinceApp.NoSo";"timeSinceApp.N";"timeSinceApp.T";"timeSinceApp.S";"diss.d13C";"SD.d13C";"CumOutDiss.g";"CumOutFilt.g";"TotSMout.g";"TotSMout.g.SD";"MELsm.g";"MELsm.g.SD";"Appl.Mass.g.OT";"CumAppMass.g";"CumAppMass.g.N";"CumAppMass.g.T";"CumAppMass.g.S";"CumAppMass.g.OT";"CumAppMass.g.N.OT";"CumAppMass.g.T.OT";"CumAppMass.g.S.OT";"iniCo.ug.g.N";"iniCo.ug.g.T";"iniCo.ug.g.S";"CumOutSmeto.g";"CumOutMELsm.g";"MassSoil.g.North";"MassSoil.g.SD.North";"Conc.mug.g.dry.soil.N";"MassSoil.g.Talweg";"MassSoil.g.SD.Talweg";"Conc.mug.g.dry.soil.T";"MassSoil.g.South";"MassSoil.g.SD.South";"Conc.mug.g.dry.soil.S";"comp.d13C.South";"comp.d13C.SD.South";"DD13C.North";"DD13C.Talweg";"DD13C.South";"CatchMassSoil.g";"CatchMassSoil.g.SD";"BulkCatch.d13";"BulkCatch.d13.SD";"DD13.Bulk";"Area.Catchment";"BulkCatch.Conc";"iniCo.Bulk";"DIa";"CumSmpDays";"DD.Bulk.imp";"CatchMassSoil.g.imp";"SM.g.nrm";"TP.g.nrm";"DD.diss.nrm"
2016-03-25 00:04:00;"W0-0x";"2016-03-25 12:02:00";1,2486;1,12922717826974;-0,11937282173026;1,2486;1,11829637779678;0,0166666666666667;2,75;0,744953703703704;0,0166666666666667;6;3,00833333333333;-0,13030362220322;NA;1,20477462754017;14,4171363762307;11,9666666666667;"Not Sampled";2,8;0,233983286908078;0,245659365;0,01931;4,82409438596491;1,14144531439851;18,0553075438596;3,49722059175219;NA;NA;0,64472898635092;0,0232375477245465;NA;NA;NA;NA;NA;NA;NA;NA;NA;NA;NA;NA;NA;5,35273262511153;8429,434;6903,61;16337,03;8429,434;2727,322;13320,736;31670,073;0,00354170456730323;0,000278394903425015;0,069549626654265;0,0164563727636928;0,260305831174611;0,0504199062090536;0,00345106187959565;0,000124384379832766;31669,7708735734;4,98085886608904e-05;"0-1";"W0";"0";11,9666666666667;0,5;0,5;0,5;0,5;0,5;NA;NA;0,00354170456730323;0,00345106187959565;0,00699276644689889;0,000215609828393101;0,302126426553858;0,026894972271207;24477,491;31670,073;8429,434;6903,61;16337,03;24477,491;8429,434;2727,322;13320,736;8,45594849751924;7,09093947537323;12,3677445225772;0,00699276644689889;0,302126426553858;102,56769268967;15,3851537539196;0,068592974;16,849010137663;3,79102751174847;0,043806464;82,1519852335736;16,8038153824546;0,076020979;NA;NA;NA;NA;NA;201,568688060907;13,3347048090587;NA;NA;NA;241214,753;0,0676470176774127;9,85954363082242;1,50428159994665;0,498611111111113;0,342657475818963;201,568688060907;3,46917297233483e-05;0,00146418406026327;NA
2016-03-25 12:04:00;"W0-1";"2016-03-28 22:36:00";1,12438174261579;1,31312483924058;0,18874309662479;1,38038798407296;1,08219916927402;0,0333333333333333;24,5166666666667;7,8272574350693;6,01666666666667;47,2833333333333;26,65;0,25600624145717;NA;1,21351066613737;100,155080311871;82,5333333333333;"Sampled";7,6;0,0920840064620355;0,245659365;0,01931;4,82409438596491;1,14144531439851;18,0553075438596;3,49722059175219;NA;NA;0,64472898635092;0,0232375477245465;NA;NA;NA;NA;NA;NA;NA;NA;NA;NA;NA;NA;NA;5,35273262511153;0;0;0;0;0;0;0;0,0246040334309382;0,00193399460082223;0,483157560658362;0,114321547135192;1,80833077711079;0,35026440923527;0,00345106187959565;0,000124384379832766;31667,6925406241;0,000199832886279816;"0-2";"W0";"0";82,5333333333333;3,9;3,9;3,9;3,9;3,9;NA;NA;0,0281457379982415;0,00690212375919131;0,0280550953105339;0,00137036611713;2,07833294934281;0,186837617108468;0;31670,073;8429,434;6903,61;16337,03;24477,491;8429,434;2727,322;13320,736;8,45594849751924;7,09093947537323;12,3677445225772;0,0350478617574328;2,38045937589666;NA;NA;NA;NA;NA;NA;NA;NA;NA;NA;NA;NA;NA;NA;NA;NA;NA;NA;NA;NA;NA;NA;1,6751155420804;3,9375;0,466429784698137;2117,79203195637;1,32473325459711e-05;0,000968120487325788;NA
2016-03-28 22:38:00;"W0-2x";"2016-03-30 12:16:00";1,30809987139246;1,45634948147711;0,14824961008465;1,63778159364155;0,929054964110753;0,266666666666667;13,3166666666667;4,85918879056047;47,3;66,1166666666667;56,7083333333333;0,32968172224909;NA;1,28471939896462;48,3482733810351;37,6333333333333;"Not Sampled";7,6;0,201948627103632;3,5169528435;0,154365;17,6776646798935;5,66334813336615;32,0194750546523;3,26710257003319;NA;NA;0,385309361091339;0,0251506164789869;NA;NA;NA;NA;NA;NA;NA;NA;NA;NA;NA;NA;NA;14,8753430346607;0;0;0;0;0;0;0;0,170038597545747;0,00746328122046348;0,854684564681757;0,273813103803962;1,54808633345956;0,157958768219847;0,00573160892069961;0,000374124047658121;31665,3134446093;0,00125198889155086;"0-3";"W0";"0";37,6333333333333;5,5;5,5;5,5;5,5;5,5;NA;NA;0,198184335543988;0,0126337326798909;0,175770206466446;0,00528396325586955;2,37909601476867;0,178859705140304;0;31670,073;8429,434;6903,61;16337,03;24477,491;8429,434;2727,322;13320,736;8,45594849751924;7,09093947537323;12,3677445225772;0,210818068223879;4,75955539066533;NA;NA;NA;NA;NA;NA;NA;NA;NA;NA;NA;NA;NA;NA;NA;NA;NA;NA;NA;NA;NA;NA;2,10408978461849;5,50555555555555;0,522867158173334;4034,01537585184;4,35720219408756e-05;0,000546186765050929;NA
2016-03-30 12:18:00;"W1-1";"2016-03-31 15:34:00";1,45607958518169;16,445436176296;14,9893565911143;38,3997898080141;1,44897674761303;0,116666666666667;4,2;1,28856328856329;66,1333333333333;72,1;30,3955026455026;36,9437102228324;1;14,3166474978249;390,367255107358;27,2666666666667;"Sampled";16,8;0,616136919315403;6,788246322;0,28942;30,531234973822;10,1852509523338;45,983642565445;3,03698454831418;3;3;0,125889735831757;0,0270636852334274;NA;NA;NA;0,740000000000002;NA;0,05;51,8;1,48;616;NA;4;44,8;4,7;24,3979534442099;0;0;0;0;0;0;0;2,64990908371176;0,112980090973172;11,9183943917687;3,97598845684215;17,9505083281106;1,18553932192887;0,00307145191392709;0,000660298532353912;31635,0720790975;0,0188968439354828;"1-1";"W1";"1";27,2666666666667;6,6;6,6;6,6;6,6;6,6;-31,51;0,103923048454132;2,84809341925575;0,015705184593818;2,65298053562569;0,0798903528295437;30,2413655118089;2,40621294417904;0;31670,073;8429,434;6903,61;16337,03;24477,491;8429,434;2727,322;13320,736;8,45594849751924;7,09093947537323;12,3677445225772;2,86379860384957;35,0009209024743;1551,4705607755;232,720584490152;1,037558485;359,32686866297;80,8485453049344;0,934229335;4039,44129030884;826,249355351663;3,737977611;NA;NA;NA;NA;NA;5950,23871974731;497,789565627351;NA;NA;NA;241214,753;2,14300525275798;9,85954363082242;549,756254671905;6,64166666666667;0,563758009814353;5950,23871974731;0,000445861193236018;0,00463651733578763;1,31261993110073
2016-03-31 15:36:00;"W1-2";"2016-04-01 14:44:00";16,3343489410368;15,1845358179938;-1,149813123043;18,6689719182762;13,2011134373946;4,21666666666667;5,43333333333333;1,31424460431655;1,65;6,36666666666667;3,32908872901679;-3,1332355036422;NA;15,5292991375118;359,244453381107;23,1333333333333;"Sampled";6;0,259365994236311;6,560998197;0,19064;32,4924653403141;0,24305443671946;41,2805158638743;0,853382023315018;3;3;0,435787160684896;0,123237063866661;NA;NA;NA;0,586666666666666;NA;NA;44,8;1574;778;NA;4,4;26,4;5,4;8,08300020107491;0;0;0;0;0;0;0;2,35700221091569;0,0684863625925742;11,6727379501857;0,0873159582611353;14,8297963568076;0,306572758491067;0,00352246770744188;0,000996125212014102;31608,0638673727;0,0168137179518646;"1-2";"W1";"1";23,1333333333333;7,6;7,6;7,6;7,6;7,6;-31,6633333333333;0,151767365837763;5,20509563017144;0,0192276523012599;2,36052467862314;0,0484322935994134;27,0082117247779;0,163408414151343;0;31670,073;8429,434;6903,61;16337,03;24477,491;8429,434;2727,322;13320,736;8,45594849751924;7,09093947537323;12,3677445225772;5,2243232824727;62,0091326272522;NA;NA;NA;NA;NA;NA;NA;NA;NA;NA;NA;NA;NA;NA;NA;NA;NA;NA;NA;NA;NA;NA;289,91604950872;7,60555555555555;0,598450248248176;7856,18249653821;0,000300467139054279;0,00313736182389038;0,980309839262321
2016-04-01 14:46:00;"W1-3x";"2016-04-05 15:06:00";15,203628654395;5,85637980077503;-9,34724885361997;15,8956400764712;5,47104244868041;3,41666666666667;29,7166666666667;9,46991813674622;6,26666666666667;54,4333333333333;30,35;-9,73258620571459;NA;9,1077197661138;877,377004135629;96,3333333333333;"Not Sampled";9,4;0,0975778546712803;8,002650037;0,26209;68,5168601146015;0,697851658944015;69,9241699597149;1,83978720669362;NA;NA;0,257569915876865;0,0639603914951228;NA;NA;NA;NA;NA;NA;NA;NA;NA;NA;NA;NA;NA;7,93575534028406;0;0;0;0;0;0;0;7,02134111460894;0,229951739013907;60,1151174601291;0,612278997855379;61,3498587559252;1,61418698765591;0,00204401183541634;0,00050757401837408;31487,0598091252;0,0500266816325921;"1-3";"W1";"1";96,3333333333333;11,6;11,6;11,6;11,6;11,6;NA;NA;12,2264367447804;0,0212716641366762;7,02338512644436;0,162600830113047;121,004058247548;0,885251273833323;0;31670,073;8429,434;6903,61;16337,03;24477,491;8429,434;2727,322;13320,736;8,45594849751924;7,09093947537323;12,3677445225772;12,2477084089171;183,0131908748;NA;NA;NA;NA;NA;NA;NA;NA;NA;NA;NA;NA;NA;NA;NA;NA;NA;NA;NA;NA;NA;NA;144,773035319507;11,6194444444444;0,742917927028795;9762,1262733291;0,00071945239487762;0,0116758040133642;NA
2016-04-05 15:08:00;"W2-1";"2016-04-06 14:50:00";5,87010384062002;14,1442199697064;8,27411612908638;19,1639337349349;5,87010384062002;0,516666666666667;5,85;2,13349719101124;54,45;55,1166666666667;7,15051498127341;13,2938298943149;2;14,6057392958147;346,156021310809;23,7;"Sampled";5,4;0,227848101265823;9,444301877;0,33354;104,541254888889;1,15264888116857;98,5678240555555;2,82619239007223;3;3;0,0793526710688331;0,00468371912358462;3;-28,2533333333333;1,77894163291923;1,11;3,99666666666667;NA;66,7;1604;895;NA;5,8;39;2,7;7,7885104794932;0;0;0;0;0;0;0;3,26920196180053;0,115456879348007;36,187584855177;0,398996350673668;34,1198458043349;0,978303513206289;0,000618039110195384;3,64791954770415e-05;31417,6009297546;0,0232905132263842;"2-1";"W2";"2";23,7;12,6;12,6;12,6;12,6;12,6;-31,14;0,0692820323027536;15,4956387065809;0,0218897032468716;3,26982000091072;0,0816403463965949;69,458879370614;0,542434653179837;0;31670,073;8429,434;6903,61;16337,03;24477,491;8429,434;2727,322;13320,736;8,45594849751924;7,09093947537323;12,3677445225772;15,5175284098278;252,472070245414;2773,02214616691;263,89692671381;1,854480987;656,610877065819;22,3116620638262;1,707150777;8238,43702688723;163,154956996358;7,623602113;-31,2366666666667;0,534633831078182;0,859666666666701;2,283;1,0163333333333;11668,07005012;179,591145091221;-31,2026193072481;0,519445810514468;1,0503806927519;241214,753;4,22808120141708;9,85954363082242;279,903420014728;12,6069444444444;0,778459975337799;11668,07005012;0,000280236576131722;0,00567266558097348;1,42589219120525
2016-04-06 14:52:00;"W2-2";"2016-04-08 00:36:00";14,0253759757651;8,06118184572568;-5,96419413003942;14,316238838125;7,80055414292503;5,86666666666667;12,2833333333333;4,79378084896347;9,68333333333333;26,55;18,1166666666667;-6,22482183284007;NA;10,5655678384347;356,411821749864;33,7333333333333;"Sampled";0,8;0,0237154150197628;1,042188295;0,03904;26,8858487901235;0,61000111382676;51,9524524938272;0,191041940566208;5;5;0,0507526961009355;0,00102720522480505;3;-28,6933333333333;2,5730202745671;0,969823999999999;3,55666666666666;NA;52,1;1238;0,7;NA;3,4;32,3;3,8;1,78205910874932;0;0;0;0;0;0;0;0,371448228827335;0,0139143175211147;9,58243434657929;0,217411608248442;18,5164682376982;0,0680896060678314;9,04443043802582e-05;1,83054042741873e-06;31391,5262643747;0,00264642285455386;"2-2";"W2";"2";33,7333333333333;14;14;14;14;14;-31,280176;0,490531091807646;15,8670869354082;0,0219801475512519;0,371538673131715;0,00983890835990654;26,0746653799215;0,132080488544379;0;31670,073;8429,434;6903,61;16337,03;24477,491;8429,434;2727,322;13320,736;8,45594849751924;7,09093947537323;12,3677445225772;15,8890670829595;278,546735625336;NA;NA;NA;NA;NA;NA;NA;NA;NA;NA;NA;NA;NA;NA;NA;NA;NA;NA;NA;NA;NA;NA;151,259192635443;14,0125;0,829048657319109;12846,0957175048;2,89223030329313e-05;0,00200085125255336;1,16980347466711
2016-04-08 00:38:00;"W2-3x";"2016-04-14 13:50:00";8,06114547658054;4,64225281420218;-3,41889266237836;8,06581310501155;4,27978068826177;6,01666666666667;54,0166666666667;23,3338418320176;26,5666666666667;104,666666666667;65,6166666666667;-3,78136478831877;NA;14,6057392958147;346,156021310809;23,7;"Not Sampled";5,4;0,227848101265823;4,9389620475;0,25495;35,9832607509939;1,63447162950964;37,9998136621679;0,258952822579818;NA;NA;0,0662637828790139;0,0011851472776953;NA;NA;NA;NA;NA;NA;NA;NA;NA;NA;NA;NA;NA;52,2079309207542;0;0;0;0;0;0;0;1,70965145176769;0,0882524776331908;12,4558223753535;0,56578219621645;13,1538643078481;0,0896380787714336;0,00345949499909541;6,18740872048358e-05;31365,8150845655;0,0122022720372444;"2-3";"W2";"2";157,2;20,6;20,6;20,6;20,6;20,6;NA;NA;17,5767383871759;0,0254396425503473;1,71311094676678;0,0624039407281283;25,7111798092068;0,336796978181843;0;31670,073;8429,434;6903,61;16337,03;24477,491;8429,434;2727,322;13320,736;8,45594849751924;7,09093947537323;12,3677445225772;17,6021780297263;304,257915434543;NA;NA;NA;NA;NA;NA;NA;NA;NA;NA;NA;NA;NA;NA;NA;NA;NA;NA;NA;NA;NA;NA;17,7610036454668;15;0,864590705628112;14024,1213848896;0,000122154600616377;0,00171119945441266;NA
2016-04-14 13:52:00;"W3-1";"2016-04-16 18:30:00";4,66140225136175;23,7885730891726;19,1271708378109;32,594246195365;3,62027978020054;27,6;29,4333333333333;3,55566455696203;104,683333333333;125,866666666667;92,8036708860759;27,9328439440033;3;9,87330254521857;519,664823963337;52,6333333333333;"Sampled";20;0,379987333755542;8,8357358;0,47086;45,0806727118644;2,65894214519251;24,0471748305085;0,326863704593428;3;3;0,0817748696570922;0,00134308933058554;NA;NA;NA;1,29;NA;NA;69,4;1273;1012;NA;9,1;54,8;3,9;102,633802732759;7810,101;3073,636;1432,46;7810,101;3006,507;1432,46;12316,197;4,59162108909355;0,244689379011377;23,4268398489598;1,38175870181016;12,4964708751118;0,169859569507548;0,00839286584088308;0,00013784636540779;43642,8344732858;0,0327653160813478;"3-1";"W3";"3";52,6333333333333;2,2;2,2;2,2;2,2;2,2;-30,96;0,138564064605511;22,1683594762695;0,0338325083912304;4,60001395493444;0,173021546638842;39,1776112796471;0,821013279862571;12249,068;43986,27;16239,535;9977,246;17769,49;36726,559;16239,535;5733,829;14753,196;16,290614291845;14,9077507815181;13,697830466194;22,2021919846607;343,43552671419;8416,36917355336;87,1965021313733;5,628514952;1353,11855365816;38,3421207580802;3,518030954;5432,65932506293;NA;3,686627797;-31,0666666666667;0,416693332480056;1,033;0,472999999999999;1,1863333333333;15202,1470522744;NA;-31,2150492931776;0,219604090052205;1,0379507068224;241214,753;4,47810132086178;14,9880854016063;321,812853920178;17,1930555555555;0,943523046387489;15202,1470522744;0,000302589755191602;0,00227452064539393;1,36721620625917
2016-04-16 18:32:00;"W3-2";"2016-04-17 09:00:00";23,7524584713381;79,9810226532562;56,2285641819181;79,9810226532562;19,8333796266195;0,316666666666667;1,38333333333333;0,249272030651341;0;0;0;56,2285641819181;4;48,7382907874278;705,080606724789;14,4666666666667;"Sampled";12,4;0,857142857142857;10,73573241;0,9381;200,649746965377;6,76154675740205;150,843009083503;2,21778530614874;3;3;0,167069013356504;0,00940750353510219;NA;NA;NA;1,43666666666667;NA;NA;61,2;1286;1413;NA;5,6;60,1;5;37,0167318530514;0;0;0;0;0;0;0;7,56955672127778;0,661436117168525;141,474245329523;4,76743549010707;106,356480364789;1,56371740924468;0,00618434886837158;0,000348235035765511;43399,8071433063;0,0539610429762977;"4-1";"W3";"4";14,4666666666667;2,8;2,8;2,8;2,8;2,8;-30,8133333333333;0,162890556304942;29,7379161975473;0,0400168572596019;7,57574107014615;0,467706028592007;243,027329979529;2,91536784071241;0;43986,27;16239,535;9977,246;17769,49;36726,559;16239,535;5733,829;14753,196;16,290614291845;14,9077507815181;13,697830466194;29,7779330548069;586,462856693719;NA;NA;NA;NA;NA;NA;NA;NA;NA;NA;NA;NA;NA;NA;NA;NA;NA;NA;NA;NA;NA;NA;3898,13833955024;17,7958333333333;0,965218192612675;17182,0191992679;0,000440910988533229;0,0137033713080366;1,48843720276124
2016-04-17 09:02:00;"W3-2.1x";"2016-04-18 20:28:00";80,051818122605;18,6875377568462;-61,3642803657588;83,6282317414948;18,4765728616059;0,0833333333333333;5,26666666666667;2,13847117794486;0;0;0;-61,5752452609991;NA;50,4075455687542;1786,10736465286;35,4333333333333;"Not Sampled";1,2;0,0338664158043274;5,803784009;0,47845;106,201933796414;3,75139039494244;84,4633874044966;1,5200485421501;NA;NA;0,0991528778545592;0,00497688161091986;NA;NA;NA;NA;NA;NA;NA;NA;NA;NA;NA;NA;NA;59,9805605350615;0;0;0;0;0;0;0;10,3661813613294;0,854563068618161;189,688056094151;6,70038601209469;150,860678286699;2,71496989576413;0,00594724519238094;0,000298516148739613;43066,6210228742;0,0738793567929337;"4-2";"W3";"4";35,4333333333333;4,3;4,3;4,3;4,3;4,3;NA;NA;40,1040975588767;0,0459641024519829;10,3721286065218;0,604267377639228;333,186120432065;4,17088000862957;0;43986,27;16239,535;9977,246;17769,49;36726,559;16239,535;5733,829;14753,196;16,290614291845;14,9077507815181;13,697830466194;40,1500616613286;919,648977125785;NA;NA;NA;NA;NA;NA;NA;NA;NA;NA;NA;NA;NA;NA;NA;NA;NA;NA;NA;NA;NA;NA;4215,49390234375;19,2722222222222;1,01835630421953;19161,8913462615;0,000541289396703809;0,0168466664376805;NA
2016-04-18 20:30:00;"W3-3";"2016-04-21 09:10:00";18,669630205477;6,44987591658121;-12,2197542888958;18,8789041643816;6,30149765799847;4,8;35,1333333333333;19,9666666666667;0;30,0666666666667;14,9012538898041;-12,3681325474785;NA;9,94338332272586;603,231921578702;60,6666666666667;"Sampled";0;0;0,871835608;0,0188;11,754120627451;0,741234032482829;18,0837657254902;0,822311778151453;3;3;0,0312367423526143;0,00054625968673754;NA;NA;NA;0,800000000000001;NA;NA;73,9;1212;774;NA;1,9;44,64;2,1;82,9443892170715;0;0;0;0;0;0;0;0,525919069114576;0,0113407601256796;7,09046077256512;0,447136029754147;10,9087047479665;0,4960447140711;0,00259091251556862;4,53091760703541e-05;43049,48167867;0,00376450957973361;"4-3";"W3";"4";60,6666666666667;6,8;6,8;6,8;6,8;6,8;-31,45;0,485901224530253;40,6300166279912;0,0485550149675515;0,528509981630145;0,00801919238918859;17,139344204182;0,360285506872923;0;43986,27;16239,535;9977,246;17769,49;36726,559;16239,535;5733,829;14753,196;16,290614291845;14,9077507815181;13,697830466194;40,6785716429588;936,788321329967;10851,4049532699;230,808662984705;7,183662148;2968,83834052001;192,027338609473;5,093894891;7321,52019946505;278,164705893411;4,918231505;-30,9333333333333;0,47014182257414;0,436333333333302;1,1763333333333;1,3196666666667;21141,763493255;236,306821235297;-31,406848289046;0,368433261708139;0,846151710954;241214,753;5,90215880089045;14,9880854016063;187,720180819452;21,8;1,10933594967998;21141,763493255;2,49983868090644e-05;0,000785688205614982;0,721152145326924
2016-04-21 09:12:00;"W4-1";"2016-04-23 06:36:00";6,38330073326497;7,26633998353306;0,88303925026809;8,26383188924855;6,0459800710562;35,15;57,85;46,5;30,0833333333333;52,7833333333333;41,4333333333333;1,88053115598358;NA;7,09895752109559;322,29267145774;45,4;"Sampled";0;0;0,501218996;0,00929;0,802763404255319;0,245163010804694;5,04750276595745;0,468756232331346;NA;NA;0,628218074611827;0,0167433481060712;NA;NA;NA;NA;NA;1;61;1224;0,68;NA;2,8;42,78;1,8;78,155972828502;0;0;0;0;0;0;0;0,161539209206206;0,00299409891784241;0,258724762105956;0,0790142416948676;1,62677315063076;0,151076698380535;0,0490989947697358;0,00130859265963625;43047,6053480517;0,00150034921626178;"4-4";"W4";"4";45,4;8,7;8,7;8,7;8,7;8,7;NA;NA;40,7915558371974;0,0976540097372873;0,210638203975942;0,00231052408326325;1,87633061829403;0,0883601605497683;0;43986,27;16239,535;9977,246;17769,49;36726,559;16239,535;5733,829;14753,196;16,290614291845;14,9077507815181;13,697830466194;40,8892098469347;938,664651948261;NA;NA;NA;NA;NA;NA;NA;NA;NA;NA;NA;NA;NA;NA;NA;NA;NA;NA;NA;NA;NA;NA;58,6645915432506;23,6916666666667;1,17742071732677;18421,9110679003;1,14341125195732e-05;9,04190888870654e-05;NA
2016-04-23 06:38:00;"W4-2x";"2016-04-26 11:48:00";7,29887198682645;7,76030572537674;0,46143373855029;7,98674227467689;4,82164374089334;57,8666666666667;58,8166666666667;5,17696459412781;52,8;91,3833333333333;72,0916666666667;0,68787028785044;NA;6,30793958403137;486,762671234421;77,1666666666667;"Not Sampled";6,8;0,0881209503239741;2,0441044175;0,04322;1,02739657712766;0,666111343349202;4,44969407047873;0,468878053365104;NA;NA;0,32415680967923;0,0087912290478573;NA;NA;NA;NA;NA;NA;NA;NA;NA;NA;NA;NA;NA;50,6852446119225;0;0;0;0;0;0;0;0,99499372654438;0,0210378826507517;0,50009830229976;0,324238136828206;2,16594497192219;0,228232333739194;0,0164299671912122;0,000445585594730086;43044,2180499868;0,00720424271362526;"4-5";"W4";"4";77,1666666666667;11,9;11,9;11,9;11,9;11,9;NA;NA;41,7865495637418;0,114083976928499;1,01142369373559;0,0148793657954402;3,38729806496007;0,221717549804586;0;43986,27;16239,535;9977,246;17769,49;36726,559;16239,535;5733,829;14753,196;16,290614291845;14,9077507815181;13,697830466194;41,9006335406703;942,051950013221;NA;NA;NA;NA;NA;NA;NA;NA;NA;NA;NA;NA;NA;NA;NA;NA;NA;NA;NA;NA;NA;NA;50,3798877418911;26,9069444444444;1,29314482679982;15702,0586425455;6,44134451896063e-05;0,000151309737487983;NA
2016-04-26 11:50:00;"W5-1";"2016-05-01 10:44:00";7,6838445803014;17,6291371224501;9,9452925421487;32,4655416104866;5,53177724734016;1,28333333333333;16,75;3,75931894618834;91,4;145,866666666667;108,694506726457;24,7816970301852;5;7,80976161323569;928,580655813724;118,9;"Sampled";30,4;0,255677039529016;3,586989839;0,07715;1,25202975;1,08705967589371;3,851885375;0,468999874398863;3;3;0,0200955447466337;0,00083910998964341;NA;NA;NA;0,823383333333332;NA;9;74,9;1184;816;NA;3,4;51,94;3,7;23,2145163953431;0;0;0;0;0;0;0;3,33080937709578;0,0716399975960288;1,16261060635329;1,00942258675004;3,57678624763679;0,43550421094585;0,000466508352994079;1,94795326120731e-05;43036,6211705459;0,0237282556988366;"5-1";"W5";"5";118,9;16,9;16,9;16,9;16,9;16,9;-31,4266166666667;0,178486248303149;45,1173589408376;0,114550485281494;3,33127588544878;0,0506571299769894;7,59687944084276;0,631237478573903;0;43986,27;16239,535;9977,246;17769,49;36726,559;16239,535;5733,829;14753,196;16,290614291845;14,9077507815181;13,697830466194;45,2319094261191;949,648829454063;6379,64694767332;907,610428636626;4,223345133;2737,76352730958;124,995521099289;4,697419679;3864,79574220787;43,7236637777023;2,596176704;-30,63;0,115325625946706;0,506333333333298;1,6096666666667;1,623;12982,2062171908;529,557151224489;-31,1815582240393;0,232962193397236;1,0714417759607;241214,753;3,62425029984906;14,9880854016063;253,548140622484;31,8611111111111;1,47145493413909;12982,2062171908;0,000256603217489918;0,00032857308565516;0,559570880650228
2016-05-01 10:46:00;"W5-2";"2016-05-03 12:00:00";17,6865096979601;8,92986333116901;-8,75664636679109;48,5316537008299;8,66866077869038;1,18333333333333;18,8666666666667;7,82892422192152;0,1;9,61666666666667;2,35666441136671;-9,01784891926972;6;18,3314171260427;902,516769838838;49,2333333333333;"Sampled";9,2;0,186865267433988;0,813034214;0,01884;6,55879225;0,458573778272578;21,433689125;0,825029243197508;6;6;0,0223238151561823;0,000347966589244485;NA;NA;NA;1,62014666666667;NA;1;73,3;1237;1063;NA;11;50,5;8,2;94,764260833078;0;0;0;0;0;0;0;0,733777012587738;0,0170034159437637;5,919419995514;0,413870525099359;19,3442638748248;0,744602727593196;0,00211549984224988;3,29747966243609e-05;43013,1898898416;0,00524166904880821;"6-1";"W5";"6";49,2333333333333;18,9;18,9;18,9;18,9;18,9;-30,6298533333333;0,491026566110905;45,8511359534253;0,116665985123743;0,735892512429988;0,0120232533262393;23,4312807043355;0,443188233735418;0;43986,27;16239,535;9977,246;17769,49;36726,559;16239,535;5733,829;14753,196;16,290614291845;14,9077507815181;13,697830466194;45,9678019385491;973,080110158399;NA;NA;NA;NA;NA;NA;NA;NA;NA;NA;NA;NA;NA;NA;NA;NA;NA;NA;NA;NA;NA;NA;889,65398780657;33,9125;1,54528841564738;11261,2423284096;6,53473649682058e-05;0,00201535385972915;1,04844289924216
2016-05-03 12:02:00;"W5-3x";"2016-05-03 13:08:00";8,88049066493521;12,9427814643907;4,06229079945549;12,9614710381104;8,88049066493521;0;0,0833333333333333;0,0200980392156863;9,63333333333333;10,1833333333333;9,90833333333333;4,08098037317519;NA;12,1184644687004;13,3303109155705;1,1;"Not Sampled";2,4;2,18181818181818;0,478264391;0,010495;3,31951209984277;0,230208075374362;11,574365726022;0,514371508410489;NA;NA;0,0275443635154505;0,000770642186299648;NA;NA;NA;NA;NA;NA;NA;NA;NA;NA;NA;NA;NA;56,0569675267217;0;0;0;0;0;0;0;0,00637541303187598;0,000139901613058912;0,0442501283789024;0,00306874522001534;0,154289893778396;0,0068567321332228;0,00154405349112983;4,31998640121212e-05;43013,0039624613;5,64093557897991e-05;"6-2";"W5";"6";1,1;19;19;19;19;19;NA;NA;45,8575113664572;0,118210038614873;0,00791946652300581;0,000103534268691944;0,185927380285421;0,00385975130126267;0;43986,27;16239,535;9977,246;17769,49;36726,559;16239,535;5733,829;14753,196;16,290614291845;14,9077507815181;13,697830466194;45,9757214050721;973,266037538684;NA;NA;NA;NA;NA;NA;NA;NA;NA;NA;NA;NA;NA;NA;NA;NA;NA;NA;NA;NA;NA;NA;157,073126237431;33,9583333333333;1,54693804658156;9540,27843962835;8,30108531225879e-07;1,8658565878225e-05;NA
2016-05-03 13:10:00;"W6-1";"2016-05-10 00:04:00";12,7962251715125;3,72054316224694;-9,07568200926556;15,2299207267172;3,45947090680989;0,1;70,3333333333333;32,1899419104991;10,2;87,65;48,925;-9,33675426470261;NA;5,89503388276492;913,140748440286;154,9;"Sampled";0,4;0,0025823111684958;0,143494568;0,00215;0,0802319496855346;0,00184237247614662;1,71504232704403;0,20371377362347;NA;NA;0,0327649118747187;0,00119331778335481;NA;NA;NA;NA;NA;22;68,8;1272;701;NA;5,1;53,1;4,1;17,3496742203654;0;0;0;0;0;0;0;0,131030737220635;0,00196325260914662;0,0732630625846724;0,00168234538177431;1,56607503412376;0,18601934771413;0,000568460546885352;2,07036747825746e-05;43011,4474401546;0,000937364397836065;"6-3";"W6";"6";154,9;25,4;25,4;25,4;25,4;25,4;NA;NA;45,9885421036779;0,118778499161759;0,131599197767521;0,00138830642321328;1,5565223066828;0,0926225626236722;0;43986,27;16239,535;9977,246;17769,49;36726,559;16239,535;5733,829;14753,196;16,290614291845;14,9077507815181;13,697830466194;46,1073206028396;974,822559845367;1886,55413248508;419,994007251197;1,248904411;1132,2180170539;214,333668026717;1,942645207;4800,54240130815;40,4335620132952;3,224764562;-30,8133333333333;0,417652167878167;1,583;2,4496666666667;1,4396666666667;7819,31455084713;273,23296550367;-30,6325059372294;0,365672578937882;1,6204940627706;241214,753;2,18292273527405;14,9880854016063;89,7808987158216;40,4125;1,77923607540285;7819,31455084713;1,68300171212915e-05;0,000182231204493609;NA
2016-05-10 00:06:00;"W6-2";"2016-05-12 06:32:00";3,71423452979755;17,3764507301097;13,6622162003121;91,2185771483047;3,04703475455025;70,35;70,6;2,96295389636883;87,6666666666667;107,233333333333;70,1572623419013;87,5043426185072;7;9,02299961404075;491,151945657618;54,4333333333333;"Sampled";24,4;0,448254745866503;0,041090858;0,00254;2,0413712244898;0,246323406018461;9,53668295918367;0,370579070368745;NA;NA;0,0324749504753211;0,00440262289710064;NA;NA;NA;NA;NA;26;67,3;988;719;NA;5,8;73,2;7,2;809,172830470926;0;0;0;0;0;0;0;0,0201818548554409;0,00124752594197035;1,00262344871764;0,120982220126979;4,68396039052291;0,1820106314316;0,0262778475955187;0,00356248283114303;43006,3431617362;0,000330926569085322;"7-1";"W6";"7";54,4333333333333;27,7;27,7;27,7;27,7;27,7;NA;NA;46,0087239585333;0,145056346757277;0,0464597024509596;0,00266904523173343;5,10427841845476;0,115109316469362;0;43986,27;16239,535;9977,246;17769,49;36726,559;16239,535;5733,829;14753,196;16,290614291845;14,9077507815181;13,697830466194;46,1537803052906;979,926838263822;1941,57067389103;8,86453797000817;1,285325524;380,424143231885;16,5874202172154;2,128457231;1120,50204024676;27,1346035985929;2,454447695;-31,06;0,260576284415907;2,8396666666667;2,903;1,193;3442,49685736968;19,0613855332097;-29,9423098018627;0,357121556663343;2,3106901981373;241214,753;1,90838096085826;14,9880854016063;823,0651864025;42,6805555555556;1,86086781223633;3442,49685736968;1,34959316960592e-05;0,00146922972643419;NA
2016-05-12 06:34:00;"W6-3";"2016-05-12 09:10:00";17,3665605840878;365,097329706104;347,730769122016;921,403101980793;16,7500313550041;2,56666666666667;2,91666666666667;0,84535864978903;0,3;0,8;0,215822784810127;904,036541396705;8;258,243890821744;671,434116136534;2,6;"Sampled";10,8;4,15384615384615;8,922689085;0,15285;36,52639225;1,54227456573484;81,418666625;5,1281360075775;3;3;0,301335742528458;0,0108440215895819;6;-29,9066666666667;1,61769795285358;1,69666666666667;2,34333333333333;36;17,8;275;491;NA;9,2;26,3;34,3;6439,37290396112;0;0;0;0;0;0;0;5,99099785934807;0,102628704651469;24,5250658960351;1,03553575988403;54,667270462372;3,44320546767573;1,94041321543276;0,0698286987939231;42926,3528132977;0,056494435317425;"8-1";"W6";"8";2,6;27,8;27,8;27,8;27,8;27,8;-30,5533333333333;0,0404145188432728;51,9997218178814;2,08546956219004;7,93141107478083;0,0877744216548618;79,9903484384697;1,819416303461;0;43986,27;16239,535;9977,246;17769,49;36726,559;16239,535;5733,829;14753,196;16,290614291845;14,9077507815181;13,697830466194;54,0851913800714;1059,91718670229;NA;NA;NA;NA;NA;NA;NA;NA;NA;NA;NA;NA;NA;NA;NA;NA;NA;NA;NA;NA;NA;NA;237946,722070744;42,7888888888889;1,86476693989892;3162,98479773871;0,00250757167105298;0,0227819423650741;0,909854540191838
2016-05-12 09:12:00;"W6-4";"2016-05-12 12:50:00";347,869063764883;125,436190695568;-222,432873069315;347,869063764883;123,868422961824;0;0,8;0,258636363636364;0;0;0;-224,000640803059;NA;179,150849138001;650,914751868072;3,63333333333333;"Sampled";2;0,55045871559633;0,021934117;0,00023;0,669281526717557;0,00770040063638998;5,60045824427481;0,106761563996491;2;2;0,0575734835220774;0,00256199638531658;NA;NA;NA;1,9845;NA;77;44,4;894;1584;NA;9;49,1;8,9;276,638769543931;0;0;0;0;0;0;0;0,0142772403245003;0,000149710392929657;0,435645218893243;0,00501230436952053;3,64542088841964;0,0694926769378232;0,0159270576399053;0,000708747527609977;42922,7364073652;0,000215141384246749;"8-2";"W6";"8";3,63333333333333;27,9;27,9;27,9;27,9;27,9;-30,2655;0,0360624458405153;52,0139990582059;2,10139661982994;0,0302042979644055;0,000512218830015261;3,61640593253413;0,0347244207618596;0;43986,27;16239,535;9977,246;17769,49;36726,559;16239,535;5733,829;14753,196;16,290614291845;14,9077507815181;13,697830466194;54,1153956780358;1063,53359263483;NA;NA;NA;NA;NA;NA;NA;NA;NA;NA;NA;NA;NA;NA;NA;NA;NA;NA;NA;NA;NA;NA;62321,0381623204;42,9402777777778;1,87021572086331;2883,47273810773;1,04749726138306e-05;0,00124370922158368;1,06110753848435
2016-05-12 12:52:00;"W6-5x";"2016-05-13 12:04:00";124,957952556454;45,1108375;-79,847115056454;197,670266787168;45,1108375;0,166666666666667;5,56666666666667;1,53180296508847;0;0;0;-79,847115056454;NA;113,246227023873;2627,31246695385;23,2;"Not Sampled";6;0,258620689655172;0,1053727715;0,00214;0,943553628223643;0,0535572176134001;3,76311631132659;0,15241140123043;NA;NA;0,0413100252049536;0,00194064326498849;NA;NA;NA;NA;NA;NA;NA;NA;NA;NA;NA;NA;NA;257,066984580706;0;0;0;0;0;0;0;0,276847196239429;0,00562244867928124;2,47901021067152;0,140711545531047;9,88688239934575;0,400432374558613;0,0106194436123904;0,000498875312277449;42911,4044441165;0,00204758842252731;"8-3";"W6";"8";23,2;28,9;28,9;28,9;28,9;28,9;NA;NA;52,2908462544453;2,11201606344233;0,28746663985182;0,00399129087691885;11,331963248692;0,215786918802308;0;43986,27;16239,535;9977,246;17769,49;36726,559;16239,535;5733,829;14753,196;16,290614291845;14,9077507815181;13,697830466194;54,4028623178876;1074,86555588352;NA;NA;NA;NA;NA;NA;NA;NA;NA;NA;NA;NA;NA;NA;NA;NA;NA;NA;NA;NA;NA;NA;22385,4119084491;43,9069444444444;1,9050079369295;2603,96067847676;0,000110395921961456;0,00424142219202054;NA
2016-05-13 12:06:00;"W7-1";"2016-05-16 15:10:00";44,8868083333333;10,3202277472861;-34,5665805860472;136,754012744175;9,03606433868172;5,58333333333333;21,6166666666667;7,09641958869655;0;15,7;3,28604823198698;-35,8507439946516;9;26,1470281275211;1962,77024477258;75,0666666666667;"Sampled";9,4;0,125222024866785;0,188811426;0,00405;1,21782572972973;0,0994140345904103;1,92577437837838;0,198061238464368;NA;NA;0,0250465668878298;0,00131929014466041;NA;NA;NA;NA;NA;3;73,6;1204;1,21;NA;9,3;74,6;4,3;237,495199617482;0;0;0;0;0;0;0;0,37059344882588;0,00794921949132895;2,39031210563197;0,195126909006849;3,7798526480265;0,388748705500668;0,00594843940275776;0,000313325076259501;42905,339856144;0,00268206012124037;"9-1";"W7";"9";75,0666666666667;32;32;32;32;32;NA;NA;52,6614397032712;2,11796450284509;0,376541888228638;0,00562531168579738;6,06458797245857;0,224881333244095;0;43986,27;16239,535;9977,246;17769,49;36726,559;16239,535;5733,829;14753,196;16,290614291845;14,9077507815181;13,697830466194;54,7794042061163;1080,93014385598;NA;NA;NA;NA;NA;NA;NA;NA;NA;NA;NA;NA;NA;NA;NA;NA;NA;NA;NA;NA;NA;NA;3575,71101777331;47,0347222222222;2,01758275098278;2324,44861884579;0,00016199191721244;0,00244705176019522;NA
2016-05-16 15:12:00;"W7-2x";"2016-05-17 09:14:00";10,1777821978289;7,43412490026084;-2,74365729756806;10,8236449438807;7,42490612532605;0,233333333333333;6,48333333333333;2,50150676506765;15,7166666666667;24,7333333333333;20,225;-2,75287607250285;NA;8,89870647842862;160,769963710277;18,0666666666667;"Not Sampled";1,6;0,0885608856088561;0,219658493;0,00807;10,1377474313389;0,165187759090665;34,5821416978597;1,00771790904689;NA;NA;0,0173847079387346;0,000812939917844189;NA;NA;NA;NA;NA;NA;NA;NA;NA;NA;NA;NA;NA;125,865597821317;0;0;0;0;0;0;0;0,0353144879482641;0,00129741360714194;1,6298452866403;0,0265572300343881;5,55976966578856;0,162010771667665;0,00218813665765783;0,000102321168752271;42898,8520396609;0,000267126439426351;"9-2";"W7";"9";18,0333333333333;32,8;32,8;32,8;32,8;32,8;NA;NA;52,6967541912194;2,12015263950275;0,037502624605922;0,000920258574959201;6,48781648313714;0,0821528689472514;0;43986,27;16239,535;9977,246;17769,49;36726,559;16239,535;5733,829;14753,196;16,290614291845;14,9077507815181;13,697830466194;54,8169068307222;1087,41796033911;NA;NA;NA;NA;NA;NA;NA;NA;NA;NA;NA;NA;NA;NA;NA;NA;NA;NA;NA;NA;NA;NA;96,4944734662085;47,7875;2,04467668935616;2044,93655921481;1,83392606665127e-05;0,00315428555935638;NA
2016-05-17 09:16:00;"W8-1";"2016-05-23 18:00:00";7,37349992020867;4,42157725975117;-2,9519226604575;7,77175824442973;3,45590402098428;6,5;31,6833333333333;11,4960433486072;24,75;101,116666666667;62,9333333333333;-3,91759589922439;NA;5,25001927828275;802,027945078995;152,766666666667;"Sampled";15,6;0,102116517564914;0,25050556;0,01209;19,057669132948;0,230961483590919;67,238509017341;1,81737457962941;NA;NA;0,00972284898963942;0,000306589691027968;NA;NA;NA;NA;NA;5;80,7;1288;766;NA;3;80,72;4;14,2359960251522;0;0;0;0;0;0;0;0,200912459517663;0,00969651785600505;15,2847832126937;0,185237564076821;53,9271632173535;1,45758519953898;0,000138414439569661;4,36460962282678e-06;42836,6182939968;0,00143205988029091;"9-3";"W8";"9";152,733333333333;39,1;39,1;39,1;39,1;39,1;NA;NA;52,8976666507371;2,12029105394232;0,201050873957233;0,00685647422446996;62,2337456640404;0,733791076721494;0;43986,27;16239,535;9977,246;17769,49;36726,559;16239,535;5733,829;14753,196;16,290614291845;14,9077507815181;13,697830466194;55,0179577046794;1149,65170600315;810,881791486825;145,274447885286;1,750454812;142,077064815874;28,5024948270298;0,794915258;812,46564328114;18,4900326032488;1,779697273;-29,48;0,599082632030006;NA;NA;2,773;1765,42449958384;86,1373684402009;NA;NA;NA;241214,753;1,60713462039824;14,9880854016063;40,8107854283985;54,1527777777778;2,27377543394149;1765,42449958384;0,000113882453769406;0,0351375517926176;NA
2016-05-23 18:02:00;"W8-2x";"2016-05-24 11:58:00";4,37166180780094;4,56967918960667;0,198017381805729;5,07686820650729;3,83485125811054;0,15;6,15;2,39279529993816;101,133333333333;110,1;105,616666666667;0,705206398706349;NA;4,34815795108027;78,1219045210755;17,9666666666667;"Not Sampled";0,6;0,0333951762523191;0,21714727;0,008915;14,9476884289078;0,298574870496642;51,8222774187234;0,977334855763743;NA;NA;0,0252789002563147;0,0119413299725858;NA;NA;NA;NA;NA;NA;NA;NA;NA;NA;NA;NA;NA;9,94448808122187;0;0;0;0;0;0;0;0,0169639582939522;0,000696456778805388;1,16774188825392;0,0233252375253312;4,0484550085702;0,0763512602870942;0,000251385722305318;0,000118750413586317;42831,9235230707;0,000122622712380414;"9-4";"W8";"9";17,9333333333333;39,9;39,9;39,9;39,9;39,9;NA;NA;52,9146306090311;2,12054243966462;0,0172153440162575;0,000499576673530149;4,69477092614956;0,0404015414381635;0;43986,27;16239,535;9977,246;17769,49;36726,559;16239,535;5733,829;14753,196;16,290614291845;14,9077507815181;13,697830466194;55,0351730486957;1154,3464769293;NA;NA;NA;NA;NA;NA;NA;NA;NA;NA;NA;NA;NA;NA;NA;NA;NA;NA;NA;NA;NA;NA;22,1160565034301;54,9013888888889;2,30071940586631;1506,12580174975;1,14302165172773e-05;0,00310568717214666;NA
2016-05-24 12:00:00;"W9-1";"2016-05-29 12:08:00";4,53054335168533;3,77969936227555;-0,75084398940978;5,11676366158044;3,03917897069829;2,18333333333333;32,6833333333333;12,5747434119279;110,116666666667;170,183333333333;140,15;-1,49136438098704;NA;3,98854631501369;479,157363976978;120,133333333333;"Sampled";11,8;0,0982241953385128;0,18378898;0,00574;10,8377077248677;0,366188257402365;36,4060458201058;0,137295131898076;6;6;0,04083495152299;0,0235760702541436;2;-27,835;1,74655374953077;1,70833333333334;4,415;NA;43,3;1146;617;NA;3;46,4;2,6;5,65298013729159;0;0;0;0;0;0;0;0,0880638431848175;0,00275036326922785;5,19296746500054;0,17546180013624;17,444224947987;0,0657859734871536;0,000230839169866727;0,000133275056862065;42811,5163864626;0,000628911825919594;"9-5";"W9";"9";120,133333333333;44,9;44,9;44,9;44,9;44,9;-30,5416666666667;0,430739673894415;53,0026944522159;2,12077327883449;0,0882946823546843;0,00194708247815794;20,4071366080767;0,108014253705685;0;43986,27;16239,535;9977,246;17769,49;36726,559;16239,535;5733,829;14753,196;16,290614291845;14,9077507815181;13,697830466194;55,1234677310504;1174,75361353738;548,412472076275;13,1755400542735;1,183860904;129,791881819898;8,73414886658676;0,726180171;568,622750019488;20,0158967320415;1,245562032;NA;NA;2,653;NA;NA;1246,82710391566;14,7254466161269;NA;NA;NA;241214,753;1,13503523080488;14,9880854016063;20,4084488471927;59,9069444444444;2,4808790994045;1246,82710391566;7,08154980569438e-05;0,0162964390667404;0,688599994148608
2016-05-29 12:10:00;"W9-2";"2016-05-30 05:46:00";3,75775948982044;36,5208837535871;32,7631242637667;185,627883896231;3,67039218303232;3,85;6,31666666666667;1,70529300567108;170,2;172,883333333333;53,7809073724008;181,870124406411;10;16,5599531485507;291,455175414492;17,6;"Sampled";18,4;1,04545454545455;26,73670211;1,16699;142,969658348624;3,01439384087759;300,387580366972;3,83538581419315;4;4;0,012539998506653;0,00723997151345363;3;-28,74;2,01119367540772;0,826250000000002;3,51;149;40,2;656;1031;NA;6,8;37,4;4,6;1935,26236475223;0;1803,066;0;0;1803,066;0;1803,066;7,79255020347507;0,340125275156958;41,6692468529482;0,878560685661342;87,5495149281906;1,11784304525792;0,0242681871639747;0,014011244391865;44488,932678869;0,0556782061595791;"10-1";"W9";"10";17,6;0,7;0,7;45,6;0,7;45,6;-31,42375;0,483665431884478;60,795244655691;2,14504146599846;7,81681839063904;0,240708867483112;125,649707593585;0,77112653013695;1803,066;45789,336;16239,535;11780,312;17769,49;38529,625;16239,535;7536,895;14753,196;16,290614291845;19,5955863484217;13,697830466194;62,9402861216894;1300,40332113096;NA;NA;NA;NA;NA;NA;NA;NA;NA;NA;NA;NA;NA;NA;NA;NA;NA;NA;NA;NA;NA;NA;3073,98906038619;60,6402777777778;2,50727319435127;1280,54915245097;0,00610427048089302;0,0920174668636606;0,329541272910145
2016-05-30 05:48:00;"W9-3";"2016-05-30 12:10:00";37,3219070028697;186,487595747524;149,165688744654;186,487595747524;37,3219070028697;0;0,166666666666667;0,0241319444444444;0;0;0;149,165688744654;NA;88,6789641467239;564,589405067475;6,36666666666667;"Sampled";13,2;2,07329842931937;12,18629264;0,24303;162,483961;6,19694330297505;40,788447875;1,14001050317714;2;2;0,257562492227582;0,148703774220745;3;-27,99;1,68511127229035;2,645;4,26;76;31,9;598;2596;11;7,3;32,6;6,9;357,102798705178;0;0;0;0;0;0;0;6,88025171159575;0,137212163113548;91,7367228739968;3,49872853266356;23,028725519372;0,643637851759454;0,0919762868159502;0,0531025339522509;44368,8984330517;0,0496622958967606;"10-2";"W9";"10";6,36666666666667;1;1;45,9;1;45,9;-29,605;0,0212132034355972;67,6754963672867;2,23701775281441;6,9722279984117;0,104036187979109;120,034245817345;2,07802350296709;0;45789,336;16239,535;11780,312;17769,49;38529,625;16239,535;7536,895;14753,196;16,290614291845;19,5955863484217;13,697830466194;69,9125141201011;1420,43756694831;NA;NA;NA;NA;NA;NA;NA;NA;NA;NA;NA;NA;NA;NA;NA;NA;NA;NA;NA;NA;NA;NA;16537,5268171034;60,9055555555556;2,516821058243;1314,27120098628;0,00530501466758113;0,0860263983065952;1,05092890546874
2016-05-30 12:12:00;"W9-4";"2016-05-30 17:26:00";187,005876598019;65,8727075257356;-121,133169072283;187,005876598019;65,4833844071695;0,0833333333333333;1,9;0,729113924050633;0;0;0;-121,52249219085;NA;91,4295130757144;478,481118429572;5,23333333333333;"Sampled";0,6;0,114649681528662;12,5765701;0,18288;115,426448202899;4,14852365712557;54,8174620978261;1,36558093497669;3;3;0,170103648223062;0,098209387091722;3;-27,55;2,10672731980197;2,5;4,7;71;30,7;0,72;2815;NA;7,2;46,8;6,2;77,6734348757845;0;0;0;0;0;0;0;6,01765132745591;0,0875046269384001;55,229376032476;1,98499023929298;26,2291205740385;0,653404693073749;0,0132125346423874;0,00762826043245958;44284,1367593211;0,0429570785265248;"10-3";"W9";"10";5,23333333333333;1,2;1,2;46,1;1,2;46,1;-29,75;0,177763888346311;73,6931476947426;2,2502302874568;6,0308638620983;0,0621097822120397;84,7616737306357;1,20948034190951;0;45789,336;16239,535;11780,312;17769,49;38529,625;16239,535;7536,895;14753,196;16,290614291845;19,5955863484217;13,697830466194;75,9433779821994;1505,19924067894;NA;NA;NA;NA;NA;NA;NA;NA;NA;NA;NA;NA;NA;NA;NA;NA;NA;NA;NA;NA;NA;NA;17097,856239654;61,1236111111111;2,52466930238437;1347,9932495216;0,00447395702036242;0,0584059377867649;0,990228699512816
2016-05-30 17:28:00;"W9-5x";"2016-05-31 11:58:00";65,2019660205885;34,4106644552236;-30,7913015653649;65,5579382531767;34,2696579323942;1,91666666666667;9;4,43345323741007;0;0;0;-30,9323080881943;NA;47,9985138239316;887,972505742735;18,5;"Not Sampled";0,2;0,0108108108108108;6,545281991;0,09212;68,3689354057971;2,10010401127609;68,8464763206522;1,59115136677625;NA;NA;0,227600120050496;0,0505765090640176;NA;NA;NA;NA;NA;NA;NA;NA;NA;NA;NA;NA;NA;92,1902012263724;0;0;0;0;0;0;0;5,81203045034107;0,0818000272290207;60,7097348872489;1,8648346212132;61,1337780900074;1,41289866617228;0,0209825008666017;0,00466265854793923;44163,9052838647;0,0415478115773756;"10-4";"W9";"10";18,5;2;2;46,9;2;46,9;NA;NA;79,5051781450837;2,2712127883234;5,83301295120767;0,0579352433299594;120,23147545631;1,30096767008037;0;45789,336;16239,535;11780,312;17769,49;38529,625;16239,535;7536,895;14753,196;16,290614291845;19,5955863484217;13,697830466194;81,7763909334071;1625,43071613526;NA;NA;NA;NA;NA;NA;NA;NA;NA;NA;NA;NA;NA;NA;NA;NA;NA;NA;NA;NA;NA;NA;3146,68360551356;61,8944444444444;2,55241309536819;1381,71529805691;0,00422157369134624;0,0827945255190991;NA
2016-05-31 12:00:00;"W10-1";"2016-06-02 12:56:00";34,4923315641789;12,8040647626487;-21,6882668015302;35,0572482298323;12,6429190917158;9,01666666666667;18,25;6,25532108009984;0;9,01666666666667;1,90490129339687;-21,8494124724631;NA;19,8526044950751;971,454113292344;48,9333333333333;"Sampled";5,8;0,118528610354223;0,513993882;0,00136;21,3114226086957;0,0516843654266141;82,8754905434783;1,8167217985758;3;3;0,285096591877929;0,00294363103631313;NA;NA;NA;3,17666666666667;NA;NA;60,1;1,17;964;NA;2;63,2;2;106,70696757696;0;0;0;0;0;0;0;0,499321470876;0,00132117759407759;20,7030691533289;0,0502089893865889;80,5097361795828;1,76486186393433;0,0304217927858201;0,000314105941550399;44072,9147225434;0,00377329409125492;"10-5";"W10";"10";48,9333333333333;4;4;48,9;4;48,9;-29,0733333333333;0,247049252849171;80,0044996159597;2,30163458110922;0,52974326366182;0,00096025329408701;90,9905613213743;0,8791690425198;0;45789,336;16239,535;11780,312;17769,49;38529,625;16239,535;7536,895;14753,196;16,290614291845;19,5955863484217;13,697830466194;82,3061341970689;1716,42127745663;464,044229717377;16,4427688122175;1,001734733;398,84055651524;12,0189726131948;2,231496296;552,552560359608;8,41116423675061;1,210360454;-28,6133333333333;0,288848287745198;NA;1,753;3,6396666666667;1415,43734659222;12,7222643779367;NA;NA;NA;241214,753;1,288527695888;15,7508290861935;695,977683792535;63,9333333333333;2,6257966775308;1415,43734659222;0,000374261188555763;0,0639101534769478;1,20979156301389
2016-06-02 12:58:00;"W10-2";"2016-06-03 12:04:00";12,964651810119;30,8019151152005;17,8372633050815;142,636592237813;10,0371020954848;2,53333333333333;9,06666666666667;3,72034101825168;3,43333333333333;10,6;4,35761287223823;129,671940427694;11;25,7808782086433;595,53828661966;23,1;"Sampled";9,6;0,415584415584416;3,388018252;0,03206;13,0950464516129;0,177035157942812;12,0238666129032;0,305752133768812;4;4;2,2004221993101;0,0364307293985086;NA;NA;NA;2,2275;NA;9;57,1;1013;1174;13;5,2;55,9;4;1207,15610697805;0;0;0;0;0;0;0;2,01769458483222;0,0190929574690263;7,7986015269984;0,105431214632703;7,16067292119171;0,182087101874983;2,65625309582726;0,0439775774750745;44054,1425546439;0,033291936634282;"11-1";"W10";"11";23,1;5;5;49,9;5;49,9;-30,0225;0,504405590769968;82,0221942007919;4,95788767693648;4,67394768065948;0,0339010939756391;18,7721678994951;0,111473292354441;0;45789,336;16239,535;11780,312;17769,49;38529,625;16239,535;7536,895;14753,196;16,290614291845;19,5955863484217;13,697830466194;86,9800818777284;1735,19344535612;NA;NA;NA;NA;NA;NA;NA;NA;NA;NA;NA;NA;NA;NA;NA;NA;NA;NA;NA;NA;NA;NA;3677,29661257897;64,8958333333333;2,66043892714844;1580,62579313175;0,00295702354154226;0,00891939147146418;0,837267857295834
2016-06-03 12:06:00;"W10-3";"2016-06-04 08:34:00";30,8639320921604;62,2620375549023;31,3981054627419;121,660868224042;25,5040985530438;0,233333333333333;3,4;1,02460704607046;0;0;0;90,7969361318816;12;43,5876816127707;892,094550341373;20,4666666666667;"Sampled";10,6;0,517915309446254;3,333898457;0,04514;45,6058084782609;1,92663562257279;11,3149155434783;0,176347928091466;3;3;0,0333206387075076;0,000487049386505932;NA;NA;NA;1,87475;NA;NA;58,2;858;1,23;NA;5;60,4;4,3;2000,9680764157;0;0;0;0;0;0;0;2,97415264488121;0,0402691480024096;40,6846932073689;1,71874113939074;10,0939744939099;0,157319025614389;0,066673534339504;0,000974570274036221;44001,0621228193;0,0216594192727887;"12-1";"W10";"12";20,4666666666667;5,8;5,8;50,7;5,8;50,7;-30,37525;0,513694765887293;84,9963468456731;5,02456121127599;3,04082617922072;0,028482925306743;53,0804318245967;1,01135267705159;0;45789,336;16239,535;11780,312;17769,49;38529,625;16239,535;7536,895;14753,196;16,290614291845;19,5955863484217;13,697830466194;90,0209080569491;1788,27387718072;NA;NA;NA;NA;NA;NA;NA;NA;NA;NA;NA;NA;NA;NA;NA;NA;NA;NA;NA;NA;NA;NA;5302,91518888278;65,7486111111111;2,6911320602873;1745,81423967128;0,00174178106130769;0,0286626174241757;0,696639911383561
2016-06-04 08:36:00;"W10-4";"2016-06-04 10:58:00";62,7674300439219;303,757519272057;240,990089228135;327,473311655984;62,7674300439219;0;0,25;0,0347222222222222;0;0;0;264,705881612062;NA;229,221860184949;542,491735771046;2,36666666666667;"Sampled";6,6;2,7887323943662;5,179724598;0,13682;28,25258;0,103424678500931;10,0895578688525;0,516187917002216;3;3;0,0631145389671154;0,000560364438157891;NA;NA;NA;1,55333333333333;NA;15;26,4;355;1409;NA;6,4;24,5;6,4;1017,85011924043;0;0;0;0;0;0;0;2,809957787985;0,0742237192881945;15,3267911642103;0,0561070333615324;5,47350176143621;0,280027679078573;0,0642411410134829;0,000570367010197103;43977,8960660949;0,0204725544991632;"12-2";"W10";"12";2,36666666666667;5,9;5,9;50,8;5,9;50,8;-30,6966666666667;0,385270467766909;87,8063046336581;5,08880235228947;2,87419892899849;0,0524856448159829;23,16605672435;0,146419842555991;0;45789,336;16239,535;11780,312;17769,49;38529,625;16239,535;7536,895;14753,196;16,290614291845;19,5955863484217;13,697830466194;92,8951069859476;1811,43993390507;NA;NA;NA;NA;NA;NA;NA;NA;NA;NA;NA;NA;NA;NA;NA;NA;NA;NA;NA;NA;NA;NA;75064,0416587101;65,8472222222222;2,69468126623658;1911,0026862108;0,00150402662944317;0,0106184349931956;0,576444180169306
2016-06-04 11:00:00;"W10-5";"2016-06-04 15:30:00";298,894815417645;225,504320163948;-73,390495253697;298,894815417645;64,3350116173632;0,266666666666667;1,68333333333333;0,62328431372549;0;0;0;-234,559803800282;NA;136,612650343944;614,756926547748;4,5;"Sampled";4;0,888888888888889;5,525509132;0,06243;36,0764028571429;0,17954870428017;10,144483015873;0,0415890071671611;5;5;0,0667628469880093;0,00149948975809853;NA;NA;NA;2,83;NA;19;43,7;508;1406;NA;6,6;NA;NA;350,795671211309;0;0;0;0;0;0;0;3,39684501159983;0,0383792749243759;22,1782185413556;0,110378809608908;6,23639120025391;0,0255671302242562;0,0234201177211366;0,000526014516166657;43946,5651035464;0,0243621147983693;"12-3";"W10";"12";4,5;6,1;6,1;51;6,1;51;-29,42;0,333541601603158;91,203149645258;5,11222247001061;3,42026512932097;0,0271407943416552;31,3309625485317;0,0678205931059018;0;45789,336;16239,535;11780,312;17769,49;38529,625;16239,535;7536,895;14753,196;16,290614291845;19,5955863484217;13,697830466194;96,3153721152686;1842,7708964536;NA;NA;NA;NA;NA;NA;NA;NA;NA;NA;NA;NA;NA;NA;NA;NA;NA;NA;NA;NA;NA;NA;40832,8129082684;66,0347222222222;2,70142975642183;2076,19113275033;0,00164737488537009;0,0134432215699897;1,04759340614818
2016-06-04 15:32:00;"W10-6x";"2016-06-07 11:58:00";231,653456131159;18,1935548682129;-213,459901262946;360,462544499159;17,2685312981083;0;20,85;7,87419668938656;0;0,15;0,000900681596884129;-214,384924833051;13;49,5938543841663;3395,52589683592;68,4666666666667;"Not Sampled";2,6;0,0379746835443038;3,1359890125;0,031965;42,151617405583;0,382804994405048;63,6321267378215;1,91210279258775;NA;NA;0,0499853298843638;0,00102263725368476;NA;NA;NA;NA;NA;NA;NA;NA;NA;NA;NA;NA;NA;245,569600956398;5346,189;0;1160,628;3293,605;0;3016,294;6506,818;10,6483319041367;0,10853798529236;143,126908494177;1,29982427194047;216,064534209018;6,49259454964397;0,0122748775133771;0,000251128622310513;50110,9862096699;0,075934150252964;"13-1";"W10";"13";68,4333333333333;2,9;2,9;2,9;9;2,9;NA;NA;101,851481549395;5,12449734752398;10,66060678165;0,0767481508471362;342,396893876515;3,3214806058146;6307,544;52296,154;21585,724;11780,312;18930,118;44837,169;19533,14;7536,895;17769,49;19,5945276023695;19,5955863484217;17,661693403085;106,975978896919;2185,16779033012;NA;NA;NA;NA;NA;NA;NA;NA;NA;NA;NA;NA;NA;NA;NA;NA;NA;NA;NA;NA;NA;NA;17885,4345545972;68,8875;2,80410678487006;2241,37957928986;0,00475627014725797;0,148005402636875;NA
2016-06-07 12:00:00;"W11-1";"2016-06-10 05:24:00";18,1758438945703;10,3473986479497;-7,8284452466206;38,417591539855;9,60185597174543;20,8666666666667;24,8166666666667;6,120877907964;0;21,9833333333333;8,0518254372559;-8,57398792282487;14;14,2586415009587;932,515154162702;65,4;"Sampled";10,4;0,159021406727829;0,746468893;0,0015;48,226831954023;0,586061284529926;117,11977045977;3,78261657800833;3;3;0,0332078127807182;0,000545784749270993;NA;NA;NA;3,68466666666667;NA;6;81,2;1174;915;NA;2,9;78,6;2,8;140,343530701487;0;0;0;0;0;0;0;0,696093554833557;0,00139877273124405;44,9722516343845;0,546511029092215;109,215960805793;3,52734728137983;0,00466050169251995;7,65973587157168e-05;49970,4129155881;0,00499138228325022;"14-1";"W11";"14";65,4;5,6;5,6;5,6;11,7;5,6;-28,5653333333333;0,441278068040247;102,547575104228;5,1291578492165;0,700754056526076;0,000990563554002006;140,573294081821;1,78518691376569;0;52296,154;21585,724;11780,312;18930,118;44837,169;19533,14;7536,895;17769,49;19,5945276023695;19,5955863484217;17,661693403085;107,676732953445;2325,74108441194;864,593639321377;35,9766381253421;1,866402862;462,811838439319;36,7380247883493;2,589412953;1079,16254806869;365,234205133792;2,363893981;-28,9466666666667;0,177857620959389;2,4696666666667;2,5596666666667;3,3063333333333;2406,56802582939;212,947587883235;-29,3908439512731;0,225642900078399;2,8621560487269;241214,753;2,19079252132593;18,7914390577603;547,782665097058;71,6125;2,90218484222908;2406,56802582939;0,000291183980259428;0,0581211661270576;1,26961819007937
2016-06-10 05:26:00;"W11-2";"2016-06-14 12:32:00";10,1679189183597;8,67470479211506;-1,49321412624464;15,766291193378;5,44773584748298;1,98333333333333;15,3333333333333;3,43935035552683;22;73,55;47,775;-4,72018307087672;15;8,70259045438841;897,237075847445;103,1;"Sampled";27,4;0,265761396702231;4,459848052;0,07425;8,75801011494253;0,177286985508489;30,9854049425287;0,174321887468159;5;5;0,0484131730889091;0,000441335856118419;NA;NA;NA;2,46224;NA;NA;NA;NA;NA;NA;NA;NA;NA;1235,49545344193;0;0;0;0;0;0;0;4,0015410249004;0,0666198528816728;7,85801138577338;0,159068456463445;27,8012541245834;0,156408060568138;0,0598142552380445;0,000545268443675209;49934,3937874708;0,0289285186471317;"15-1";"W11";"15";103,1;9,9;9,9;9,9;16;9,9;-29,78776;0,371484734545041;106,549116129129;5,18897210445455;4,06135528013845;0,0471089275809341;36,0191281172919;0,12453829506227;0;52296,154;21585,724;11780,312;18930,118;44837,169;19533,14;7536,895;17769,49;19,5945276023695;19,5955863484217;17,661693403085;111,738088233583;2361,76021252923;NA;NA;NA;NA;NA;NA;NA;NA;NA;NA;NA;NA;NA;NA;NA;NA;NA;NA;NA;NA;NA;NA;137,207575240599;75,9083333333333;3,05680025069568;2110,18595100253;0,00192464331316818;0,0151445292401699;0,8054958774096
2016-06-14 12:34:00;"W11-3";"2016-06-14 13:04:00";10,466363833692;411,737093846992;401,2707300133;411,737093846992;10,466363833692;0;0,2;0,084375;73,5666666666667;73,5833333333333;9,196875;401,2707300133;NA;214,935029585366;107,467514792683;0,5;"Sampled";0,4;0,8;3,123106254;0,147;9,24090782608696;0,552085185597105;105,385962173913;1,99143592881605;3;3;0,0617283429394929;0,000871530536543598;NA;NA;NA;2,34544333333333;NA;0,01;19;0,27;551;NA;9,9;24,41;8,1;1566,01662555898;0;0;0;0;0;0;0;0,335632467550866;0,0157977246745244;0,993097398497821;0,059331222849978;11,3255674488661;0,214014670138719;0,096667611311452;0,00136483130990961;49923,1860254974;0,00307921864252633;"15-2";"W11";"15";0,5;9,9;9,9;9,9;16;9,9;-29,9045566666667;0,429770007833648;106,884748596679;5,285639715766;0,432300078862318;0,011212289449452;11,2077619733676;0,112278391573316;0;52296,154;21585,724;11780,312;18930,118;44837,169;19533,14;7536,895;17769,49;19,5945276023695;19,5955863484217;17,661693403085;112,170388312445;2372,9679745026;NA;NA;NA;NA;NA;NA;NA;NA;NA;NA;NA;NA;NA;NA;NA;NA;NA;NA;NA;NA;NA;NA;88496,7244473959;75,9291666666667;3,05755008293848;1813,80387617567;0,00023833893208664;0,00594080872581709;0,767098909162993
2016-06-14 13:06:00;"W12-1";"2016-06-15 08:12:00";405,049675077593;29,7693581269848;-375,280316950608;405,049675077593;28,5479807167672;0,216666666666667;5,11666666666667;1,55766550522648;0;0;0;-376,501694360826;NA;55,9093116569973;1066,00420892675;19,0666666666667;"Sampled";6,2;0,325174825174825;0,018969085;0,132385;10,8158389690722;12,1883628282511;4,02978072164948;2,16587135583045;NA;NA;0,202083305717919;0,00276931515091113;NA;NA;NA;NA;NA;NA;NA;NA;NA;NA;NA;NA;NA;1753,5769236845;0;0;0;0;0;0;0;0,0202211244494893;0,141122967198768;11,5297298641049;12,992846074842;4,29576321033022;2,30882798130915;0,354368621568823;0,00485620714304763;49907,3929583762;0,00266815525982393;"15-3";"W12";"15";19,1;10,7;10,7;10,7;16,8;10,7;NA;NA;106,904969721129;5,64000833733482;0,374589746018313;0,0998480711351017;15,7930671212467;7,70777343804695;0;52296,154;21585,724;11780,312;18930,118;44837,169;19533,14;7536,895;17769,49;19,5945276023695;19,5955863484217;17,661693403085;112,544978058464;2388,76104162385;602,237111129363;47,1402087726651;1,300052437;520,495408124308;3,0943231322714;2,912150122;394,689282095137;305,410821902766;0,864562637;-27,5933333333333;0,484183160935335;2,778;2,383;4,6596666666667;1517,42180134881;178,426029728569;-29,1210588749137;0,183917310536424;3,1319411250863;241214,753;1,38136811360078;18,7914390577603;22606,526620792;76,7236111111111;3,08614368579749;1517,42180134881;0,00024685934107797;0,0101609699831142;NA
2016-06-15 08:14:00;"W12-2";"2016-06-16 08:20:00";29,4718865015879;19,4734298135671;-9,9984566880208;30,6820063606051;19,4692965836986;0,666666666666667;6,41666666666667;2,10674493554328;0;0;0;-10,0025899178893;NA;24,9986174885763;601,63339422507;24,0666666666667;"Sampled";2,4;0,0997229916897507;0,010987175;0,11777;0,554851176470588;0,0768910333883613;1,75052397058824;0,123570764036819;NA;NA;0,0301402316294189;0,0174024351236163;NA;NA;NA;NA;NA;NA;NA;NA;NA;NA;NA;NA;NA;20,3051270550961;0;0;0;0;0;0;0;0,00661025138819483;0,0708543648378865;0,333816996589773;0,046260213402913;1,05317367809735;0,0743442981944566;0,000612001232705377;0,000353358656253096;49906,1383884861;5,14431895775652e-05;"15-4";"W12";"15";24,1;11,7;11,7;11,7;17,8;11,7;NA;NA;106,911579972517;5,64062033856753;0,00722225262090021;0,0501022248953091;1,25456989010403;0,0542503905958804;0;52296,154;21585,724;11780,312;18930,118;44837,169;19533,14;7536,895;17769,49;19,5945276023695;19,5955863484217;17,661693403085;112,552200311085;2390,01561151395;NA;NA;NA;NA;NA;NA;NA;NA;NA;NA;NA;NA;NA;NA;NA;NA;NA;NA;NA;NA;NA;NA;765,946872546308;77,7263888888889;3,12223561108455;1460,49341901546;4,94507714096297e-06;0,000854059060618009;NA
2016-06-16 08:22:00;"W12-3";"2016-06-17 00:48:00";19,5061438508537;328,842385000472;309,336241149618;824,618914936738;17,5987732203338;0,45;4,01666666666667;1,10107962213225;0;0,15;0,00364372469635628;805,112771085884;16;68,2312518848933;1121,26690597508;16,4333333333333;"Sampled";18,6;1,13184584178499;0,024591845;0,103155;2,60360733333333;0,0834420975614866;2,66642108333333;0,0126032574473138;NA;NA;0,0862604674378649;0,0012713790048027;NA;NA;NA;NA;NA;NA;NA;NA;NA;NA;NA;NA;NA;2670,85777003264;0;0;0;0;0;0;0;0,0275740219553687;0,115664287685859;2,91933873902069;0,0935608625608388;2,98976971813588;0,0141316154831569;0,230389439703069;0,00339567249363366;49900,3362139808;0,00183744102550181;"16-1";"W12";"16";16,4333333333333;12,4;12,4;12,4;18,5;12,4;NA;NA;106,939153994472;5,8710097782706;0,257963461658438;0,0818222403676447;5,80217450528518;0,072753389785781;0;52296,154;21585,724;11780,312;18930,118;44837,169;19533,14;7536,895;17769,49;19,5945276023695;19,5955863484217;17,661693403085;112,810163772743;2395,81778601923;NA;NA;NA;NA;NA;NA;NA;NA;NA;NA;NA;NA;NA;NA;NA;NA;NA;NA;NA;NA;NA;NA;56264,7808940961;78,4111111111111;3,14688009746477;1403,56503668211;0,000183791598477145;0,00395009201478308;NA
2016-06-17 00:50:00;"W12-4";"2016-06-17 11:04:00";334,183508000378;54,2607608429864;-279,922747157392;339,928645120242;54,2607608429864;0,533333333333333;2,51666666666667;1,07083333333333;0;0;0;-279,922747157392;NA;95,6752931486318;979,077166554332;10,2333333333333;"Sampled";0,6;0,0586319218241042;0,027985134;0,08854;2,08558966666667;0,0178052983045083;4,15087216666667;0,0163613003605963;NA;NA;0,0461557231513497;0,026661116655478;NA;NA;NA;NA;NA;NA;NA;NA;NA;NA;NA;NA;NA;69,5144788253576;0;0;0;0;0;0;0;0,0273996057023633;0,0866874923267205;2,041953221435;0,0174327610136326;4,06402415966924;0,016018975598197;0,00320849103967357;0,00185333362920761;49894,7264359554;0,000218017591734806;"16-2";"W12";"16";10,2333333333333;12,8;12,8;12,8;18,9;12,8;NA;NA;106,966553600175;5,87421826931027;0,0306080967420369;0,0613113210240833;5,6097780253743;0,0376987871830912;0;52296,154;21585,724;11780,312;18930,118;44837,169;19533,14;7536,895;17769,49;19,5945276023695;19,5955863484217;17,661693403085;112,840771869485;2401,42756404461;NA;NA;NA;NA;NA;NA;NA;NA;NA;NA;NA;NA;NA;NA;NA;NA;NA;NA;NA;NA;NA;NA;32522,7727714965;78,8375;3,1622266640342;1346,63665434877;2,27292912629346e-05;0,00414304030015457;NA
2016-06-17 11:06:00;"W12-5x";"2016-06-21 11:58:00";55,0414086743892;11,0002615506972;-44,041147123692;83,1555629335171;10,8760015680973;0,05;24,7666666666667;7,25720674234606;0;9,25;1,25791766999197;-44,1654071062919;17;33,1648814542001;3553,0642997933;107,133333333333;"Not Sampled";13;0,121344119477287;3,4138818165;0,073925;17,8541446410256;0,245215347905711;50,7261113717949;13,1403513383694;NA;NA;0,0633315363304427;0,0366744063072866;NA;NA;NA;NA;NA;NA;NA;NA;NA;NA;NA;NA;NA;152,105595111131;0;0;0;0;0;0;0;12,1297416059197;0,26266027836222;63,436923927374;0,871265898405176;180,233135382463;46,6885132271016;0,00963308102284418;0,00557838239671724;49662,7137009728;0,0864672265224143;"17-1";"W12";"17";96,8666666666667;16,8;16,8;16,8;23;16,8;NA;NA;119,096295206094;5,88385135033312;12,1393746869425;0,185770746054758;232,012734982641;23,2507714858407;0;52296,154;21585,724;11780,312;18930,118;44837,169;19533,14;7536,895;17769,49;19,5945276023695;19,5955863484217;17,661693403085;124,980146556428;2633,44029902725;NA;NA;NA;NA;NA;NA;NA;NA;NA;NA;NA;NA;NA;NA;NA;NA;NA;NA;NA;NA;NA;NA;3050,14172733959;83,3013888888889;3,32289071925943;1289,70827201542;0,00941249657023009;0,170483019351426;NA
2016-06-21 12:00:00;"W13-1";"2016-06-24 14:50:00";10,9696092405578;6,29065316945106;-4,67895607110674;11,2744053307495;5,93515099628816;4,33333333333333;31,0666666666667;13,4774562184625;6,01666666666667;43,4333333333333;24,725;-5,03445824426964;NA;8,14612714188196;609,601847784166;74,8333333333333;"Sampled";0,4;0,00534521158129176;6,799778499;0,05931;33,6226996153846;0,472625397506914;97,3013505769231;26,2643413763783;3;3;0,0805073495095356;0,0466876959590953;NA;NA;NA;1,64127666666667;NA;NA;NA;NA;NA;NA;NA;NA;NA;234,696711396904;0;0;0;0;0;0;0;4,14515753751344;0,0361554855920789;20,4964598130304;0,288113315629941;59,3150831035872;16,0107910338743;0,0188948101731692;0,0109574487042982;49586,5757343108;0,0296600168364434;"17-2";"W13";"17";74,8333333333333;20;20;20;26,1;20;-30,6087233333333;0,214507260094696;123,241452743608;5,90274616050629;4,16405234768661;0,0267140863638114;76,1379666619631;7,97313185271825;0;52296,154;21585,724;11780,312;18930,118;44837,169;19533,14;7536,895;17769,49;19,5945276023695;19,5955863484217;17,661693403085;129,144198904114;2709,57826568921;249,810451551275;290,12435426197;0,539267143;570,773763950775;85,6160645568698;3,193455428;412,195674180015;9,5959488585173;0,902910201;-28,1666666666667;0,393234450847498;NA;2,713;4,0863333333333;1232,77988968207;174,732494288294;NA;NA;NA;241214,753;1,1222475050651;18,7914390577603;91,8427392733971;86,4194444444444;3,43511561159939;1232,77988968207;0,00337777439633648;0,058383426690095;0,477793719991419
2016-06-24 14:52:00;"W13-2";"2016-06-25 07:48:00";6,41472253556085;37,9025646875413;31,4878421519805;247,752551635421;5,85608025318542;31,0833333333333;32,15;5,37914210870989;43,45;49,5666666666667;33,6248853962017;241,33782909986;18;35,0030203817473;592,717811797588;16,9333333333333;"Sampled";24;1,41732283464567;16,81170823;0,044695;59,7616496428572;0,749839146435923;42,2281898214286;1,27096531929877;4;4;0,0450666485315605;0,000863370020672282;NA;NA;NA;3,267525;NA;NA;NA;NA;NA;NA;NA;NA;NA;472,136781960016;0;0;0;0;0;0;0;9,9645989146651;0,0264915225982932;35,4217942057284;0,444443018075671;25,0294002671303;0,75332378292539;0,0212776224114141;0,000407628743200964;49519,0178849197;0,0711281322822182;"18-1";"W13";"18";16,9333333333333;20,7;20,7;20,7;26,8;20,7;-28,982475;0,269327376687432;133,206051658273;5,9240237829177;9,98587653707651;0,0187345527137448;67,5578493910755;0,456893439609416;0;52296,154;21585,724;11780,312;18930,118;44837,169;19533,14;7536,895;17769,49;19,5945276023695;19,5955863484217;17,661693403085;139,130075441191;2777,13611508029;NA;NA;NA;NA;NA;NA;NA;NA;NA;NA;NA;NA;NA;NA;NA;NA;NA;NA;NA;NA;NA;NA;8672,08761452456;87,125;3,46050993022242;1241,11764536585;0,00804587427659443;0,0463872003342829;0,944232227586755
2016-06-25 07:50:00;"W13-3";"2016-06-28 08:54:00";37,5138517500331;8,23549776969058;-29,2783539803425;38,5453935211607;8,05875315952984;0,316666666666667;26,1333333333333;9,86936464508284;0;29,7166666666667;12,087224502204;-29,4550985905033;NA;13,7898774031348;1007,58037558905;73,0666666666667;"Sampled";2,6;0,0355839416058394;1,018867237;0,03008;111,921345736434;3,16359593430513;165,964960562016;10,7231432901623;NA;NA;0,0632954706768891;0,00121159084852642;NA;NA;NA;NA;NA;NA;NA;NA;NA;NA;NA;NA;NA;66,7521998827746;0;0;0;0;0;0;0;1,02659063333184;0,0303080176977186;112,769751573548;3,18757717969915;167,223037297698;10,8044287437969;0,004225111910298;8,0876354496976e-05;49259,2112595416;0,00734236983743455;"18-2";"W13";"18";73,0666666666667;23,7;23,7;23,7;29,8;23,7;NA;NA;134,232642291605;5,928248894828;1,03081574524214;0,0214310811410664;259,806625378094;5,69493154021728;0;52296,154;21585,724;11780,312;18930,118;44837,169;19533,14;7536,895;17769,49;19,5945276023695;19,5955863484217;17,661693403085;140,160891186433;3036,94274045838;NA;NA;NA;NA;NA;NA;NA;NA;NA;NA;NA;NA;NA;NA;NA;NA;NA;NA;NA;NA;NA;NA;531,536251112393;90,1694444444444;3,57008541530447;1249,45540104962;0,00082501203674512;0,207110881601267;NA
2016-06-28 08:56:00;"W14-1";"2016-07-04 14:40:00";8,23239821575246;4,1239733640751;-4,10842485167736;14,7713697139681;3,59759130381585;1,65;72,6833333333333;35,3442132205653;29,7333333333333;104,6;67,1666666666667;-4,63480691193661;NA;6,28554710543688;941,155919920749;149,733333333333;"Sampled";1;0,00667853962600178;0,148914686;0,015465;0,240413142857143;0,019685936821937;17,2309783809524;1,4648345441782;NA;NA;0,0910979338218664;0,00224095208416445;NA;NA;NA;NA;NA;NA;NA;NA;NA;NA;NA;NA;NA;50,8586179817807;0;0;0;0;0;0;0;0,140151938292039;0,0145549763015744;0,226266252626753;0,0185275359791519;16,2170373092598;1,37863770295773;0,00463311501517585;0,000113971725963995;49244,8519953113;0,00103128557477024;"18-3";"W14";"18";149,733333333333;29,9;29,9;29,9;36,1;29,9;NA;NA;134,372794229897;5,93288200984317;0,144785053307215;0,0102922379659069;14,3592642303066;0,686496953040825;0;52296,154;21585,724;11780,312;18930,118;44837,169;19533,14;7536,895;17769,49;19,5945276023695;19,5955863484217;17,661693403085;140,30567623974;3051,30200468869;165,15345555695;51,8185829127907;0,356517638;456,865545722169;68,529831867262;2,556143693;635,774155454282;95,3661234322721;1,392656465;NA;NA;2,753;2,603;NA;1257,7931567334;74,1084810471431;NA;NA;NA;241214,753;1,14501805540976;18,7914390577603;92,8461401489704;96,4083333333333;3,79463517761676;1257,7931567334;0,000115110384034235;0,0113011261835099;NA
2016-07-04 14:42:00;"W15-1";"2016-07-12 10:20:00";4,09777869126008;2,14905768871767;-1,94872100254241;4,51666331105987;1,94248256801407;72,7;84,1166666666667;38,0001924215512;104,616666666667;198,433333333333;151,525;-2,15529612324601;NA;2,70409320708855;507,378022090048;187,633333333333;"Sampled";7,2;0,0383727127376088;0,167251535;0,00085;13,7740994871795;0,968852496706597;87,608511025641;0,809014748750338;NA;NA;0,0886267128028998;0,0511686564941458;NA;NA;NA;NA;NA;NA;NA;NA;NA;NA;NA;NA;NA;25,3689011045024;0;0;0;0;0;0;0;0,0848597530198244;0,000431271318776541;6,98867535387668;0,491574463475998;44,4506330424439;0,410476303062624;0,0022483623123139;0,00129809258625024;49199,3329288986;0,000620460059484469;"18-4";"W15";"18";187,633333333333;37,8;37,8;37,8;43,9;37,8;NA;NA;134,457653982917;5,93513037215549;0,0871081153321383;0,000967222650912677;45,5190664126635;0,353426047070899;0;52296,154;21585,724;11780,312;18930,118;44837,169;19533,14;7536,895;17769,49;19,5945276023695;19,5955863484217;17,661693403085;140,392784355072;3096,82107110135;376,052091572414;47,1402087726651;0,811785639;330,891552744531;49,633732974236;1,851324451;544,337459169633;81,6506186700114;1,192365363;NA;NA;3,288;4,353;NA;1251,28110348658;61,5156626702605;NA;NA;NA;241214,753;1,13908987993394;18,7914390577603;12,2134785781431;104,226388888889;4,07602222393375;1251,28110348658;6,96151449018286e-05;0,0363083548298934;NA
