"ti";"WeekSubWeek";"tf";"iflux";"fflux";"changeflux";"maxQ";"minQ";"dryHrsIni";"dryHrsMax";"dryHrsAve";"noEventHrsIni";"noEventHrsMax";"noEventHrsAve";"Duration.Hrs";"chExtreme";"Peak";"Markers";"TimeDiff";"AveDischarge.m3.h";"Volume.m3";"Sampled.Hrs";"Sampled";"CumRain.mm";"RainInt.mmhr";"Conc.mug.L";"Conc.SD";"Vol.SPE.L";"Conc.in500uL";"OXA_mean";"OXA_SD";"ESA_mean";"ESA_SD";"N.x";"diss.d13C";"SD.d13C";"N_d13C.diss";"MES.mg.L";"MES.sd";"MO.mg.L";"Conc.Solids.mug.gMES";"Conc.Solids.ug.gMES.SD";"N.y";"filt.d13C";"filt.SD.d13C";"DD13C.diss";"DD13C.filt";"ExpMES.Kg";"DissSmeto.mg";"DissSmeto.mg.SD";"DissSmeto.g";"DissSmeto.g.SD";"DissOXA.mg";"DissOXA.mg.SD";"DissOXA.g";"DissOXA.g.SD";"DissESA.mg";"DissESA.mg.SD";"DissESA.g";"DissESA.g.SD";"FiltSmeto.mg";"FiltSmeto.mg.SD";"FiltSmeto.g";"FiltSmeto.g.SD";"TotSMout.mg";"TotSMout.mg.SD";"TotSMout.g";"TotSMout.g.SD";"FracDiss";"FracFilt";"MELsm.g";"MELsm.g.SD";"CumOutDiss.g";"CumOutFilt.g";"CumOutSmeto.g";"CumOutMELsm.g";"Appl.Mass.g";"Appl.Mass.g.OT";"Appl.Mass.g.N";"Appl.Mass.g.T";"Appl.Mass.g.S";"Appl.Mass.g.N.OT";"Appl.Mass.g.T.OT";"Appl.Mass.g.S.OT";"iniCo.ug.g.N";"iniCo.ug.g.T";"iniCo.ug.g.S";"timeSinceApp";"timeSinceApp.N";"timeSinceApp.T";"timeSinceApp.S";"Appl.Mass.g.NoSo";"timeSinceApp.NoSo";"CumAppMass.g";"CumAppMass.g.OT";"CumAppMass.g.N";"CumAppMass.g.T";"CumAppMass.g.S";"CumAppMass.g.N.OT";"CumAppMass.g.T.OT";"CumAppMass.g.S.OT";"BalMassDisch.g";"prctMassOut";"FracDeltaOut";"Events";"Weeks";"Event"
2016-03-25 00:04:00;"W0-0x";2016-03-25 12:02:00;1,2486;1,12922717826974;-0,11937282173026;1,2486;1,11829637779678;0,0166666666666667;2,75;0,744953703703704;0,0166666666666667;6;3,00833333333333;11,9666666666667;-0,13030362220322;NA;NA;NA;1,20477462754017;14,4171363762307;11,9666666666667;"Not Sampled";2,8;0,233983286908078;0,245659365;0,01931;0,57;NA;74;39;45;59;NA;NA;NA;NA;NA;NA;NA;0,64472898635092;0,0232375477245465;NA;NA;NA;NA;NA;5,35273262511153;3,54170456730323;0,278394903425015;0,00354170456730323;0,000278394903425015;1066,86809184107;562,268318672997;1,06686809184107;0,562268318672997;648,771136930381;850,611046197611;0,648771136930381;0,850611046197611;3,45106187959565;0,124384379832766;0,00345106187959565;0,000124384379832766;6,99276644689889;0,215609828393101;0,00699276644689889;0,000215609828393101;0,506481175111159;0,493518824888841;1,65037933709677;0,536774633749529;0,00354170456730323;0,00345106187959565;0,00699276644689889;1,65037933709677;31670,073;24477,491;8429,434;6903,61;16337,03;8429,434;2727,322;13320,736;8,45594849751924;7,09093947537323;12,3677445225772;0,5;0,5;0,5;0,5;31670,073;0,5;31670,073;24477,491;8429,434;6903,61;16337,03;8429,434;2727,322;13320,736;31668,4226206629;4,98085886608904e-05;0;"0-1";"W0";"0"
2016-03-25 12:04:00;"W0-1";2016-03-28 22:36:00;1,12438174261579;1,31312483924058;0,18874309662479;1,38038798407296;1,08219916927402;0,0333333333333333;24,5166666666667;7,8272574350693;6,01666666666667;47,2833333333333;26,65;82,5333333333333;0,25600624145717;NA;NA;NA;1,21351066613737;100,155080311871;82,5333333333333;"Sampled";7,6;0,0920840064620355;0,245659365;0,01931;0,57;140,025838;74;39;45;59;NA;NA;NA;NA;53,44444444;NA;0;0,64472898635092;0,0232375477245465;NA;NA;NA;NA;NA;5,35273262511153;24,6040334309382;1,93399460082223;0,0246040334309382;0,00193399460082223;7411,47594307845;3906,04813216297;7,41147594307845;3,90604813216297;4506,97861403419;5909,14973840039;4,5069786140342;5,90914973840039;3,45106187959565;0,124384379832766;0,00345106187959565;0,000124384379832766;28,0550953105339;1,37036611713;0,0280550953105339;0,00137036611713;0,876989835842765;0,123010164157235;11,4445742757943;3,72894484133575;0,0281457379982415;0,00690212375919131;0,0350478617574328;13,0949536128911;0;0;0;0;0;0;0;0;8,45594849751924;7,09093947537323;12,3677445225772;3,9;3,9;3,9;3,9;0;3,9;31670,073;24477,491;8429,434;6903,61;16337,03;8429,434;2727,322;13320,736;31656,9780463871;0,000199832886279816;0;"0-2";"W0";"0"
2016-03-28 22:38:00;"W0-2x";2016-03-30 12:16:00;1,30809987139246;1,45634948147711;0,14824961008465;1,63778159364155;0,929054964110753;0,266666666666667;13,3166666666667;4,85918879056047;47,3;66,1166666666667;56,7083333333333;37,6333333333333;0,32968172224909;NA;NA;NA;1,28471939896462;48,3482733810351;37,6333333333333;"Not Sampled";7,6;0,201948627103632;3,5169528435;0,154365;NA;NA;71,5;42;58,5;58;NA;NA;NA;NA;NA;NA;NA;0,385309361091339;0,0251506164789869;NA;NA;NA;NA;NA;14,8753430346607;170,038597545747;7,46328122046348;0,170038597545747;0,00746328122046348;3456,90154674401;2030,62748200347;3,45690154674401;2,03062748200347;2828,37399279055;2804,19985610004;2,82837399279055;2,80419985610004;5,73160892069961;0,374124047658121;0,00573160892069961;0,000374124047658121;175,770206466446;5,28396325586955;0,175770206466446;0,00528396325586955;0,967391465050172;0,032608534949828;6,12696080677617;1,8352060402213;0,198184335543988;0,0126337326798909;0,210818068223879;19,2219144196673;0;0;0;0;0;0;0;0;8,45594849751924;7,09093947537323;12,3677445225772;5,5;5,5;5,5;5,5;0;5,5;31670,073;24477,491;8429,434;6903,61;16337,03;8429,434;2727,322;13320,736;31650,8510855803;0,00125198889155086;0;"0-3";"W0";"0"
2016-03-30 12:18:00;"W1-1";2016-03-31 15:34:00;1,45607958518169;16,445436176296;14,9893565911143;38,3997898080141;1,44897674761303;0,116666666666667;4,2;1,28856328856329;66,1333333333333;72,1;30,3955026455026;27,2666666666667;36,9437102228324;1;16,8897189482269;"24";14,3166474978249;390,367255107358;27,2666666666667;"Sampled";16,8;0,616136919315403;6,788246322;0,28942;1,91;12965,55048;69;45;72;57;3;-31,4666666666667;0,115470053837927;3;62,5;NA;0,001;0,125889735831757;0,0270636852334274;NA;NA;NA;0,833333333333332;NA;24,3979534442099;2649,90908371176;112,980090973172;2,64990908371176;0,112980090973172;26935,3406024077;17566,5264798311;26,9353406024077;17,5665264798311;28106,4423677298;22250,9335411194;28,1064423677298;22,2509335411194;3,07145191392709;0,660298532353912;0,00307145191392709;0,000660298532353912;2652,98053562569;79,8903528295437;2,65298053562569;0,0798903528295437;0,998842263683174;0,00115773631682628;54,2562717859873;15,1295476139451;2,84809341925575;0,015705184593818;2,86379860384957;73,4781862056546;0;0;0;0;0;0;0;0;8,45594849751924;7,09093947537323;12,3677445225772;6,6;6,6;6,6;6,6;0;6,6;31670,073;24477,491;8429,434;6903,61;16337,03;8429,434;2727,322;13320,736;31596,5948137943;0,0188968439354828;-0,594620689169857;"1-1";"W1";"1"
2016-03-31 15:36:00;"W1-2";2016-04-01 14:44:00;16,3343489410368;15,1845358179938;-1,149813123043;18,6689719182762;13,2011134373946;4,21666666666667;5,43333333333333;1,31424460431655;1,65;6,36666666666667;3,32908872901679;23,1333333333333;-3,1332355036422;NA;NA;NA;15,5292991375118;359,244453381107;23,1333333333333;"Sampled";6;0,259365994236311;6,560998197;0,19064;1,91;12531,50656;70;22;70;25;3;-31,6666666666667;0,152752523165195;3;22,5;NA;1e-04;0,435787160684896;0,123237063866661;NA;NA;NA;0,633333333333329;NA;8,08300020107491;2357,00221091569;68,4863625925742;2,35700221091569;0,0684863625925742;25147,1117366775;7903,37797438435;25,1471117366775;7,90337797438435;25147,1117366775;8981,11133452768;25,1471117366775;8,98111133452768;3,52246770744188;0,996125212014102;0,00352246770744188;0,000996125212014102;2360,52467862314;48,4322935994134;2,36052467862314;0,0484322935994134;0,998507760694331;0,00149223930566847;49,5950480683566;6,44102745911631;5,20509563017144;0,0192276523012599;5,2243232824727;123,073234274011;0;0;0;0;0;0;0;0;8,45594849751924;7,09093947537323;12,3677445225772;7,6;7,6;7,6;7,6;0;7,6;31670,073;24477,491;8429,434;6903,61;16337,03;8429,434;2727,322;13320,736;31546,999765726;0,0168137179518646;-0,532434401809046;"1-2";"W1";"1"
2016-04-01 14:46:00;"W1-3x";2016-04-05 15:06:00;15,203628654395;5,85637980077503;-9,34724885361997;15,8956400764712;5,47104244868041;3,41666666666667;29,7166666666667;9,46991813674622;6,26666666666667;54,4333333333333;30,35;96,3333333333333;-9,73258620571459;NA;NA;NA;9,1077197661138;877,377004135629;96,3333333333333;"Not Sampled";9,4;0,0975778546712803;8,002650037;0,26209;NA;NA;59;31;76,5;38,5;NA;NA;NA;NA;NA;NA;NA;0,257569915876865;0,0639603914951228;NA;NA;NA;NA;NA;7,93575534028406;7021,34111460894;229,951739013907;7,02134111460894;0,229951739013907;51765,2432440021;27198,6871282045;51,7652432440021;27,1986871282045;67119,3408163756;33779,0146592217;67,1193408163756;33,7790146592217;2,04401183541634;0,50757401837408;0,00204401183541634;0,00050757401837408;7023,38512644436;162,600830113047;7,02338512644436;0,162600830113047;0,999708970560689;0,000291029439311288;117,495937603475;23,1814377002703;12,2264367447804;0,0212716641366762;12,2477084089171;240,569171877486;0;0;0;0;0;0;0;0;8,45594849751924;7,09093947537323;12,3677445225772;11,6;11,6;11,6;11,6;0;11,6;31670,073;24477,491;8429,434;6903,61;16337,03;8429,434;2727,322;13320,736;31429,5038281225;0,0500266816325921;0;"1-3";"W1";"1"
2016-04-05 15:08:00;"W2-1";2016-04-06 14:50:00;5,87010384062002;14,1442199697064;8,27411612908638;19,1639337349349;5,87010384062002;0,516666666666667;5,85;2,13349719101124;54,45;55,1166666666667;7,15051498127341;23,7;13,2938298943149;2;14,1107970978894;"136";14,6057392958147;346,156021310809;23,7;"Sampled";5,4;0,227848101265823;9,444301877;0,33354;1,8;16999,74338;48;40;83;52;3;-31,1333333333333;0,0577350269189613;3;22,5;NA;1e-04;0,0793526710688331;0,00468371912358462;3;-28,2533333333333;1,77894163291923;1,16666666666666;4,04666666666666;7,7885104794932;3269,20196180053;115,456879348007;3,26920196180053;0,115456879348007;16615,4890229188;13846,2408524324;16,6154890229188;13,8462408524324;28730,9497687971;18000,1131081621;28,7309497687971;18,0001131081621;0,618039110195384;0,0364791954770415;0,000618039110195384;3,64791954770415e-05;3269,82000091072;81,6403463965949;3,26982000091072;0,0816403463965949;0,999810986809664;0,000189013190335629;44,9268007600272;12,0946768227951;15,4956387065809;0,0218897032468716;15,5175284098278;285,495972637513;0;0;0;0;0;0;0;0;8,45594849751924;7,09093947537323;12,3677445225772;12,6;12,6;12,6;12,6;0;12,6;31670,073;24477,491;8429,434;6903,61;16337,03;8429,434;2727,322;13320,736;31384,5770273625;0,0232905132263842;-0,725111311781429;"2-1";"W2";"2"
2016-04-06 14:52:00;"W2-2";2016-04-08 00:36:00;14,0253759757651;8,06118184572568;-5,96419413003942;14,316238838125;7,80055414292503;5,86666666666667;12,2833333333333;4,79378084896347;9,68333333333333;26,55;18,1166666666667;33,7333333333333;-6,22482183284007;NA;NA;NA;10,5655678384347;356,411821749864;33,7333333333333;"Sampled";0,8;0,0237154150197628;1,042188295;0,03904;2,025;2110,431298;64;32;76;11;5;-31,28;0,506951674225463;5;5;NA;1e-04;0,0507526961009355;0,00102720522480505;3;-28,6933333333333;2,5730202745671;1,02;3,60666666666666;1,78205910874932;371,448228827335;13,9143175211147;0,371448228827335;0,0139143175211147;22810,3565919913;11405,1782959956;22,8103565919913;11,4051782959956;27087,2984529897;3920,5300392485;27,0872984529897;3,9205300392485;0,0904443043802582;0,00183054042741873;9,04443043802582e-05;1,83054042741873e-06;371,538673131715;9,83890835990654;0,371538673131715;0,00983890835990654;0,999756568263492;0,000243431736507803;46,9050463337132;6,96900009695266;15,8670869354082;0,0219801475512519;15,8890670829595;332,401018971227;0;0;0;0;0;0;0;0;8,45594849751924;7,09093947537323;12,3677445225772;14;14;14;14;0;14;31670,073;24477,491;8429,434;6903,61;16337,03;8429,434;2727,322;13320,736;31337,6719810288;0,00264642285455386;-0,0827801068904448;"2-2";"W2";"2"
2016-04-08 00:38:00;"W2-3x";2016-04-14 13:50:00;8,06114547658054;4,64225281420218;-3,41889266237836;8,06581310501155;4,27978068826177;6,01666666666667;54,0166666666667;23,3338418320176;26,5666666666667;104,666666666667;65,6166666666667;157,2;-3,78136478831877;NA;NA;NA;14,6057392958147;346,156021310809;23,7;"Not Sampled";5,4;0,227848101265823;4,9389620475;0,25495;NA;NA;69,5;46,5;65,5;13,5;NA;NA;NA;NA;NA;NA;NA;0,0662637828790139;0,0011851472776953;NA;NA;NA;NA;NA;52,2079309207542;1709,65145176769;88,2524776331908;1,70965145176769;0,0882524776331908;24057,8434811012;16096,2549909526;24,0578434811012;16,0962549909526;22673,219395858;4673,10628769592;22,673219395858;4,67310628769592;3,45949499909541;0,0618740872048358;0,00345949499909541;6,18740872048358e-05;1713,11094676678;62,4039407281283;1,71311094676678;0,0624039407281283;0,997980577378468;0,00201942262153227;45,7076149648697;9,72425926868138;17,5767383871759;0,0254396425503473;17,6021780297263;378,108633936096;0;0;0;0;0;0;0;0;8,45594849751924;7,09093947537323;12,3677445225772;20,6;20,6;20,6;20,6;0;20,6;31670,073;24477,491;8429,434;6903,61;16337,03;8429,434;2727,322;13320,736;31291,9643660639;0,0122022720372444;0;"2-3";"W2";"2"
2016-04-14 13:52:00;"W3-1";2016-04-16 18:30:00;4,66140225136175;23,7885730891726;19,1271708378109;32,594246195365;3,62027978020054;27,6;29,4333333333333;3,55566455696203;104,683333333333;125,866666666667;92,8036708860759;52,6333333333333;27,9328439440033;3;16,9048084951297;"256";9,87330254521857;519,664823963337;52,6333333333333;"Sampled";20;0,379987333755542;8,8357358;0,47086;1,18;10426,16824;75;61;55;16;3;-30,9666666666667;0,115470053837927;3;197,5;NA;0,0058;0,0817748696570922;0,00134308933058554;NA;NA;NA;1,33333333333333;NA;102,633802732759;4591,62108909355;244,689379011377;4,59162108909355;0,244689379011377;38974,8617972503;31699,5542617636;38,9748617972503;31,6995542617636;28581,5653179835;8314,63718341339;28,5815653179835;8,31463718341339;8,39286584088308;0,13784636540779;0,00839286584088308;0,00013784636540779;4600,01395493444;173,021546638842;4,60001395493444;0,173021546638842;0,998175469482678;0,00182453051732159;68,845034755794;19,0498470767772;22,1683594762695;0,0338325083912304;22,2021919846607;446,953668691891;12316,197;12249,068;7810,101;3073,636;1432,46;7810,101;3006,507;1432,46;16,290614291845;14,9077507815181;13,697830466194;2,2;2,2;2,2;2,2;12316,197;2,2;43986,27;36726,559;16239,535;9977,246;17769,49;16239,535;5733,829;14753,196;43539,3163313081;0,0327653160813478;-1,01463262131907;"3-1";"W3";"3"
2016-04-16 18:32:00;"W3-2";2016-04-17 09:00:00;23,7524584713381;79,9810226532562;56,2285641819181;79,9810226532562;19,8333796266195;0,316666666666667;1,38333333333333;0,249272030651341;0;0;0;14,4666666666667;56,2285641819181;4;67,2779591935531;"19";48,7382907874278;705,080606724789;14,4666666666667;"Sampled";12,4;0,857142857142857;10,73573241;0,9381;2,455;26356,22308;62;81;42;48;3;-30,8;0,173205080756888;3;52,5;NA;6e-04;0,167069013356504;0,00940750353510219;NA;NA;NA;1,5;NA;37,0167318530514;7569,55672127778;661,436117168525;7,56955672127778;0,661436117168525;43714,9976169369;57111,5291447079;43,7149976169369;57,1115291447079;29613,3854824411;33843,8691227899;29,6133854824411;33,8438691227899;6,18434886837158;0,348235035765511;0,00618434886837158;0,000348235035765511;7575,74107014615;467,706028592007;7,57574107014615;0,467706028592007;0,999183664170791;0,00081633582920915;77,5264637092166;37,500386914572;29,7379161975473;0,0400168572596019;29,7779330548069;524,480132401107;0;0;0;0;0;0;0;0;16,290614291845;14,9077507815181;13,697830466194;2,8;2,8;2,8;2,8;0;2,8;43986,27;36726,559;16239,535;9977,246;17769,49;16239,535;5733,829;14753,196;43461,7898675989;0,0539610429762977;-1,66200012366997;"4-1";"W3";"4"
2016-04-17 09:02:00;"W3-2.1x";2016-04-18 20:28:00;80,051818122605;18,6875377568462;-61,3642803657588;83,6282317414948;18,4765728616059;0,0833333333333333;5,26666666666667;2,13847117794486;0;0;0;35,4333333333333;-61,5752452609991;NA;NA;NA;50,4075455687542;1786,10736465286;35,4333333333333;"Not Sampled";1,2;0,0338664158043274;5,803784009;0,47845;NA;NA;55,5;57,5;44;35,5;NA;NA;NA;NA;NA;NA;NA;0,0991528778545592;0,00497688161091986;NA;NA;NA;NA;NA;59,9805605350615;10366,1813613294;854,563068618161;10,3661813613294;0,854563068618161;99128,9587382337;102701,173467539;99,1289587382337;102,701173467539;78588,7240447258;63406,8114451765;78,5887240447258;63,4068114451765;5,94724519238094;0,298516148739613;0,00594724519238094;0,000298516148739613;10372,1286065218;604,267377639228;10,3721286065218;0,604267377639228;0,999426612856628;0,00057338714337204;178,856164519942;68,0136567046177;40,1040975588767;0,0459641024519829;40,1500616613286;703,33629692105;0;0;0;0;0;0;0;0;16,290614291845;14,9077507815181;13,697830466194;4,3;4,3;4,3;4,3;0;4,3;43986,27;36726,559;16239,535;9977,246;17769,49;16239,535;5733,829;14753,196;43282,933703079;0,0738793567929337;0;"4-2";"W3";"4"
2016-04-18 20:30:00;"W3-3";2016-04-21 09:10:00;18,669630205477;6,44987591658121;-12,2197542888958;18,8789041643816;6,30149765799847;4,8;35,1333333333333;19,9666666666667;0;30,0666666666667;14,9012538898041;60,6666666666667;-12,3681325474785;NA;NA;NA;9,94338332272586;603,231921578702;60,6666666666667;"Sampled";0;0;0,871835608;0,0188;1,275;1111,5904;49;34;46;23;3;-31,4333333333333;0,493288286231624;3;137,5;NA;0,0016;0,0312367423526143;0,00054625968673754;NA;NA;NA;0,866666666666664;NA;82,9443892170715;525,919069114576;11,3407601256796;0,525919069114576;0,0113407601256796;29558,3641573564;20509,8853336759;29,5583641573564;20,5098853336759;27748,6683926203;13874,3341963101;27,7486683926203;13,8743341963101;2,59091251556862;0,0453091760703541;0,00259091251556862;4,53091760703541e-05;528,509981630145;8,01919238918859;0,528509981630145;0,00801919238918859;0,995097703722497;0,00490229627750297;54,4882396557651;13,8727634545893;40,6300166279912;0,0485550149675515;40,6785716429588;757,824536576815;0;0;0;0;0;0;0;0;16,290614291845;14,9077507815181;13,697830466194;6,8;6,8;6,8;6,8;0;6,8;43986,27;36726,559;16239,535;9977,246;17769,49;16239,535;5733,829;14753,196;43228,4454634232;0,00376450957973361;-0,118331084456293;"4-3";"W3";"4"
2016-04-21 09:12:00;"W4-1";2016-04-23 06:36:00;6,38330073326497;7,26633998353306;0,88303925026809;8,26383188924855;6,0459800710562;35,15;57,85;46,5;30,0833333333333;52,7833333333333;41,4333333333333;45,4;1,88053115598358;NA;NA;NA;7,09895752109559;322,29267145774;45,4;"Sampled";0;0;0,501218996;0,00929;0,47;235,572928;36;23;73;19;NA;NA;NA;NA;242,5;NA;0,002;0,628218074611827;0,0167433481060712;NA;NA;NA;NA;NA;78,155972828502;161,539209206206;2,9940989178424;0,161539209206206;0,00299409891784241;11602,5361724786;7412,73144352802;11,6025361724786;7,41273144352802;23527,365016415;6123,56075769706;23,527365016415;6,12356075769706;49,0989947697358;1,30859265963625;0,0490989947697358;0,00130859265963625;210,638203975942;2,31052408326325;0,210638203975942;0,00231052408326325;0,766903658296747;0,233096341703253;32,2872599419778;5,31050312196803;40,7915558371974;0,0976540097372873;40,8892098469347;790,111796518793;0;0;0;0;0;0;0;0;16,290614291845;14,9077507815181;13,697830466194;8,7;8,7;8,7;8,7;0;8,7;43986,27;36726,559;16239,535;9977,246;17769,49;16239,535;5733,829;14753,196;43196,1582034812;0,00150034921626178;0;"4-4";"W4";"4"
2016-04-23 06:38:00;"W4-2x";2016-04-26 11:48:00;7,29887198682645;7,76030572537674;0,46143373855029;7,98674227467689;4,82164374089334;57,8666666666667;58,8166666666667;5,17696459412781;52,8;91,3833333333333;72,0916666666667;77,1666666666667;0,68787028785044;NA;NA;NA;6,30793958403137;486,762671234421;77,1666666666667;"Not Sampled";6,8;0,0881209503239741;2,0441044175;0,04322;NA;NA;39;30,5;67,5;19,5;NA;NA;NA;NA;NA;NA;NA;0,32415680967923;0,0087912290478573;NA;NA;NA;NA;NA;50,6852446119225;994,99372654438;21,0378826507517;0,99499372654438;0,0210378826507517;18983,7441781424;14846,2614726498;18,9837441781424;14,8462614726498;32856,4803083234;9491,87208907121;32,8564803083234;9,49187208907121;16,4299671912122;0,445585594730086;0,0164299671912122;0,000445585594730086;1011,42369373559;14,8793657954402;1,01142369373559;0,0148793657954402;0,983755603815717;0,0162443961842833;48,632132708689;9,90814198460237;41,7865495637418;0,114083976928499;41,9006335406703;838,743929227482;0;0;0;0;0;0;0;0;16,290614291845;14,9077507815181;13,697830466194;11,9;11,9;11,9;11,9;0;11,9;43986,27;36726,559;16239,535;9977,246;17769,49;16239,535;5733,829;14753,196;43147,5260707725;0,00720424271362526;0;"4-5";"W4";"4"
2016-04-26 11:50:00;"W5-1";2016-05-01 10:44:00;7,6838445803014;17,6291371224501;9,9452925421487;32,4655416104866;5,53177724734016;1,28333333333333;16,75;3,75931894618834;91,4;145,866666666667;108,694506726457;118,9;24,7816970301852;5;12,8017687826134;"333.333333333333";7,80976161323569;928,580655813724;118,9;"Sampled";30,4;0,255677039529016;3,586989839;0,07715;0,8;2869,591871;42;38;62;20;3;-31,4333333333333;0,208166599946614;3;25;21,21320344;0,004;0,0200955447466337;0,00083910998964341;NA;NA;NA;0,866666666666664;NA;23,2145163953431;3330,80937709578;71,6399975960288;3,33080937709578;0,0716399975960288;39000,3875441764;35286,0649209215;39,0003875441764;35,2860649209215;57572,0006604509;18571,6131162745;57,5720006604509;18,5716131162745;0,466508352994079;0,0194795326120731;0,000466508352994079;1,94795326120731e-05;3331,27588544878;50,6571299769894;3,33127588544878;0,0506571299769894;0,999859961057254;0,000140038942746176;92,6018342782108;22,6695307857499;45,1173589408376;0,114550485281494;45,2319094261191;931,345763505692;0;0;0;0;0;0;0;0;16,290614291845;14,9077507815181;13,697830466194;16,9;16,9;16,9;16,9;0;16,9;43986,27;36726,559;16239,535;9977,246;17769,49;16239,535;5733,829;14753,196;43054,9242364943;0,0237282556988366;-0,745858170800097;"5-1";"W5";"5"
2016-05-01 10:46:00;"W5-2";2016-05-03 12:00:00;17,6865096979601;8,92986333116901;-8,75664636679109;48,5316537008299;8,66866077869038;1,18333333333333;18,8666666666667;7,82892422192152;0,1;9,61666666666667;2,35666441136671;49,2333333333333;-9,01784891926972;6;28,1826797538634;"20.3333333333333";18,3314171260427;902,516769838838;49,2333333333333;"Sampled";9,2;0,186865267433988;0,813034214;0,01884;0,8;650,4273715;80;27;53;24;6;-30,65;0,512835256198324;6;105;7,071067812;0,007;0,0223238151561823;0,000347966589244485;NA;NA;NA;1,65;NA;94,764260833078;733,777012587738;17,0034159437637;0,733777012587738;0,0170034159437637;72201,341587107;24367,9527856486;72,201341587107;24,3679527856486;47833,3888014584;21660,4024761321;47,8333888014584;21,6604024761321;2,11549984224988;0,0329747966243609;0,00211549984224988;3,29747966243609e-05;735,892512429988;12,0232533262393;0,735892512429988;0,0120232533262393;0,997125259726771;0,00287474027322862;115,340238585604;17,9055639565807;45,8511359534253;0,116665985123743;45,9678019385491;1046,6860020913;0;0;0;0;0;0;0;0;16,290614291845;14,9077507815181;13,697830466194;18,9;18,9;18,9;18,9;0;18,9;43986,27;36726,559;16239,535;9977,246;17769,49;16239,535;5733,829;14753,196;42939,5839979087;0,00524166904880821;-0,160657156345972;"6-1";"W5";"6"
2016-05-03 12:02:00;"W5-3x";2016-05-03 13:08:00;8,88049066493521;12,9427814643907;4,06229079945549;12,9614710381104;8,88049066493521;0;0,0833333333333333;0,0200980392156863;9,63333333333333;10,1833333333333;9,90833333333333;1,1;4,08098037317519;NA;NA;NA;12,1184644687004;13,3303109155705;1,1;"Not Sampled";2,4;2,18181818181818;0,478264391;0,010495;NA;NA;45;14,5;41;18,5;NA;NA;NA;NA;NA;NA;NA;0,0275443635154505;0,000770642186299648;NA;NA;NA;NA;NA;56,0569675267217;6,37541303187598;0,139901613058912;0,00637541303187598;0,000139901613058912;599,863991200673;193,289508275772;0,599863991200673;0,193289508275772;546,54274753839;246,610751938054;0,54654274753839;0,246610751938054;1,54405349112983;0,0431998640121212;0,00154405349112983;4,31998640121212e-05;7,9194665230058;0,103534268691944;0,00791946652300581;0,000103534268691944;0,805030618332131;0,194969381667869;1,08867975455445;0,167123003563221;45,8575113664572;0,118210038614873;45,9757214050721;1047,77468184585;0;0;0;0;0;0;0;0;16,290614291845;14,9077507815181;13,697830466194;19;19;19;19;0;19;43986,27;36726,559;16239,535;9977,246;17769,49;16239,535;5733,829;14753,196;42938,4953181541;5,64093557897991e-05;0;"6-2";"W5";"6"
2016-05-03 13:10:00;"W6-1";2016-05-10 00:04:00;12,7962251715125;3,72054316224694;-9,07568200926556;15,2299207267172;3,45947090680989;0,1;70,3333333333333;32,1899419104991;10,2;87,65;48,925;154,9;-9,33675426470261;NA;NA;NA;5,89503388276492;913,140748440286;154,9;"Sampled";0,4;0,0025823111684958;0,143494568;0,00215;1,59;228,1563629;10;2;29;13;NA;NA;NA;NA;19;1,414213562;9e-04;0,0327649118747187;0,00119331778335481;NA;NA;NA;NA;NA;17,3496742203654;131,030737220636;1,96325260914661;0,131030737220635;0,00196325260914662;9131,40748440286;1826,28149688057;9,13140748440286;1,82628149688057;26481,0817047683;11870,8297297237;26,4810817047683;11,8708297297237;0,568460546885352;0,0207036747825746;0,000568460546885352;2,07036747825746e-05;131,599197767521;1,38830642321328;0,131599197767521;0,00138830642321328;0,995680364648654;0,00431963535134597;32,2446904109972;6,0064573463759;45,9885421036779;0,118778499161759;46,1073206028396;1080,01937225685;0;0;0;0;0;0;0;0;16,290614291845;14,9077507815181;13,697830466194;25,4;25,4;25,4;25,4;0;25,4;43986,27;36726,559;16239,535;9977,246;17769,49;16239,535;5733,829;14753,196;42906,2506277432;0,000937364397836065;0;"6-3";"W6";"6"
2016-05-10 00:06:00;"W6-2";2016-05-12 06:32:00;3,71423452979755;17,3764507301097;13,6622162003121;91,2185771483047;3,04703475455025;70,35;70,6;2,96295389636883;87,6666666666667;107,233333333333;70,1572623419013;54,4333333333333;87,5043426185072;7;16,6609657017082;"234.333333333333";9,02299961404075;491,151945657618;54,4333333333333;"Sampled";24,4;0,448254745866503;0,041090858;0,00254;0,98;40,269;58;24;81;17;NA;NA;NA;NA;1647,5;3,535533906;0,0293;0,0324749504753211;0,00440262289710064;NA;NA;NA;NA;NA;809,172830470926;20,1818548554409;1,24752594197035;0,0201818548554409;0,00124752594197035;28486,8128481418;11787,6466957828;28,4868128481418;11,7876466957828;39783,3075982671;8349,58307617951;39,7833075982671;8,34958307617951;26,2778475955187;3,56248283114303;0,0262778475955187;0,00356248283114303;46,4597024509596;2,66904523173343;0,0464597024509596;0,00266904523173343;0,43439483661661;0,56560516338339;63,2954531641643;8,06783289676129;46,0087239585333;0,145056346757277;46,1537803052906;1143,31482542101;0;0;0;0;0;0;0;0;16,290614291845;14,9077507815181;13,697830466194;27,7;27,7;27,7;27,7;0;27,7;43986,27;36726,559;16239,535;9977,246;17769,49;16239,535;5733,829;14753,196;42842,955174579;0,000330926569085322;0;"7-1";"W6";"7"
2016-05-12 06:34:00;"W6-3";2016-05-12 09:10:00;17,3665605840878;365,097329706104;347,730769122016;921,403101980793;16,7500313550041;2,56666666666667;2,91666666666667;0,84535864978903;0,3;0,8;0,215822784810127;2,6;904,036541396705;8;52,0494662166218;"16.6666666666667";258,243890821744;671,434116136534;2,6;"Sampled";10,8;4,15384615384615;8,922689085;0,15285;0,8;7138,151268;73;43;78;74;3;-30,5666666666667;0,0577350269189634;3;9590,47619;0;0,191;0,301335742528458;0,0108440215895819;6;-29,9066666666667;1,61769795285358;1,73333333333333;2,39333333333333;6439,37290396112;5990,99785934807;102,628704651469;5,99099785934807;0,102628704651469;49014,690477967;28871,666993871;49,014690477967;28,871666993871;52371,8610586497;49686,1245941035;52,3718610586497;49,6861245941035;1940,41321543276;69,8286987939231;1,94041321543276;0,0698286987939231;7931,41107478083;87,7744216548618;7,93141107478083;0,0877744216548618;0,755350820032187;0,244649179967813;102,892096757573;29,9791911936512;51,9997218178814;2,08546956219004;54,0851913800714;1246,20692217859;0;0;0;0;0;0;0;0;16,290614291845;14,9077507815181;13,697830466194;27,8;27,8;27,8;27,8;0;27,8;43986,27;36726,559;16239,535;9977,246;17769,49;16239,535;5733,829;14753,196;42740,0630778214;0,056494435317425;-1,72684657286929;"8-1";"W6";"8"
2016-05-12 09:12:00;"W6-4";2016-05-12 12:50:00;347,869063764883;125,436190695568;-222,432873069315;347,869063764883;123,868422961824;0;0,8;0,258636363636364;0;0;0;3,63333333333333;-224,000640803059;NA;NA;NA;179,150849138001;650,914751868072;3,63333333333333;"Sampled";2;0,55045871559633;0,021934117;0,00023;1,31;28,73369262;33;5;75;6;2;-30,25;0,0707106781186558;2;425;1,414213562;0,0185;0,0575734835220774;0,00256199638531658;NA;NA;NA;2,05;NA;276,638769543931;14,2772403245003;0,149710392929657;0,0142772403245003;0,000149710392929657;21480,1868116464;3254,57375934036;21,4801868116464;3,25457375934036;48818,6063901054;3905,48851120843;48,8186063901054;3,90548851120843;15,9270576399053;0,708747527609977;0,0159270576399053;0,000708747527609977;30,2042979644055;0,512218830015261;0,0302042979644055;0,000512218830015261;0,472689030591785;0,527310969408215;63,9520449605131;2,72495431086157;52,0139990582059;2,10139661982994;54,1153956780358;1310,1589671391;0;0;0;0;0;0;0;0;16,290614291845;14,9077507815181;13,697830466194;27,9;27,9;27,9;27,9;0;27,9;43986,27;36726,559;16239,535;9977,246;17769,49;16239,535;5733,829;14753,196;42676,1110328609;0,000215141384246749;-0,00650802687346415;"8-2";"W6";"8"
2016-05-12 12:52:00;"W6-5x";2016-05-13 12:04:00;124,957952556454;45,1108375;-79,847115056454;197,670266787168;45,1108375;0,166666666666667;5,56666666666667;1,53180296508847;0;0;0;23,2;-79,847115056454;NA;NA;NA;113,246227023873;2627,31246695385;23,2;"Not Sampled";6;0,258620689655172;0,1053727715;0,00214;NA;NA;37;8,5;54;9;NA;NA;NA;NA;NA;NA;NA;0,0413100252049536;0,00194064326498849;NA;NA;NA;NA;NA;257,066984580706;276,847196239429;5,62244867928124;0,276847196239429;0,00562244867928124;97210,5612772925;22332,1559691077;97,2105612772925;22,3321559691077;141874,873215508;23645,8122025847;141,874873215508;23,6458122025847;10,6194436123904;0,498875312277449;0,0106194436123904;0,000498875312277449;287,46663985182;3,99129087691885;0,28746663985182;0,00399129087691885;0,963058518310631;0,0369414816893689;221,396593059184;17,6123230359838;52,2908462544453;2,11201606344233;54,4028623178876;1531,55556019828;0;0;0;0;0;0;0;0;16,290614291845;14,9077507815181;13,697830466194;28,9;28,9;28,9;28,9;0;28,9;43986,27;36726,559;16239,535;9977,246;17769,49;16239,535;5733,829;14753,196;42454,7144398017;0,00204758842252731;0;"8-3";"W6";"8"
2016-05-13 12:06:00;"W7-1";2016-05-16 15:10:00;44,8868083333333;10,3202277472861;-34,5665805860472;136,754012744175;9,03606433868172;5,58333333333333;21,6166666666667;7,09641958869655;0;15,7;3,28604823198698;75,0666666666667;-35,8507439946516;9;39,0250354706871;"35.3333333333333";26,1470281275211;1962,77024477258;75,0666666666667;"Sampled";9,4;0,125222024866785;0,188811426;0,00405;0,925;174,6505688;41;12;33;12;NA;NA;NA;NA;121;38,18376618;0,0066;0,0250465668878298;0,00131929014466041;NA;NA;NA;NA;NA;237,495199617482;370,59344882588;7,94921949132895;0,37059344882588;0,00794921949132895;80473,5800356758;23553,242937271;80,4735800356758;23,553242937271;64771,4180774951;23553,242937271;64,7714180774951;23,553242937271;5,94843940275776;0,313325076259501;0,00594843940275776;0,000313325076259501;376,541888228638;5,62531168579738;0,376541888228638;0,00562531168579738;0,984202449744062;0,0157975502559382;137,991720417283;18,1215227612867;52,6614397032712;2,11796450284509;54,7794042061163;1669,54728061557;0;0;0;0;0;0;0;0;16,290614291845;14,9077507815181;13,697830466194;32;32;32;32;0;32;43986,27;36726,559;16239,535;9977,246;17769,49;16239,535;5733,829;14753,196;42316,7227193844;0,00268206012124037;0;"9-1";"W7";"9"
2016-05-16 15:12:00;"W7-2x";2016-05-17 09:14:00;10,1777821978289;7,43412490026084;-2,74365729756806;10,8236449438807;7,42490612532605;0,233333333333333;6,48333333333333;2,50150676506765;15,7166666666667;24,7333333333333;20,225;18,0333333333333;-2,75287607250285;NA;NA;NA;8,89870647842862;160,769963710277;18,0666666666667;"Not Sampled";1,6;0,0885608856088561;0,219658493;0,00807;NA;NA;49;16;55;22;NA;NA;NA;NA;NA;NA;NA;0,0173847079387346;0,000812939917844189;NA;NA;NA;NA;NA;125,865597821317;35,3144879482641;1,29741360714194;0,0353144879482641;0,00129741360714194;7877,72822180357;2572,31941936443;7,87772822180357;2,57231941936443;8842,34800406524;3536,93920162609;8,84234800406524;3,53693920162609;2,18813665765783;0,102321168752271;0,00218813665765783;0,000102321168752271;37,502624605922;0,920258574959201;0,037502624605922;0,000920258574959201;0,941653772751886;0,0583462272481139;15,6662898468601;2,31897000852578;52,6967541912194;2,12015263950275;54,8169068307222;1685,21357046243;0;0;0;0;0;0;0;0;16,290614291845;14,9077507815181;13,697830466194;32,8;32,8;32,8;32,8;0;32,8;43986,27;36726,559;16239,535;9977,246;17769,49;16239,535;5733,829;14753,196;42301,0564295376;0,000267126439426351;0;"9-2";"W7";"9"
2016-05-17 09:16:00;"W8-1";2016-05-23 18:00:00;7,37349992020867;4,42157725975117;-2,9519226604575;7,77175824442973;3,45590402098428;6,5;31,6833333333333;11,4960433486072;24,75;101,116666666667;62,9333333333333;152,733333333333;-3,91759589922439;NA;NA;NA;5,25001927828275;802,027945078995;152,766666666667;"Sampled";15,6;0,102116517564914;0,25050556;0,01209;0,865;216,6873095;57;20;77;32;NA;NA;NA;NA;17,75;8,131727984;2e-04;0,00972284898963942;0,000306589691027968;NA;NA;NA;NA;NA;14,2359960251522;200,912459517663;9,69651785600505;0,200912459517663;0,00969651785600505;45715,5928695027;16040,5589015799;45,7155928695027;16,0405589015799;61756,1517710826;25664,8942425278;61,7561517710826;25,6648942425278;0,138414439569661;0,00436460962282678;0,000138414439569661;4,36460962282678e-06;201,050873957233;6,85647422446996;0,201050873957233;0,00685647422446996;0,999311545198261;0,000688454801738912;99,9023386983679;15,8683333589992;52,8976666507371;2,12029105394232;55,0179577046794;1785,11590916079;0;0;0;0;0;0;0;0;16,290614291845;14,9077507815181;13,697830466194;39,1;39,1;39,1;39,1;0;39,1;43986,27;36726,559;16239,535;9977,246;17769,49;16239,535;5733,829;14753,196;42201,1540908392;0,00143205988029091;0;"9-3";"W8";"9"
2016-05-23 18:02:00;"W8-2x";2016-05-24 11:58:00;4,37166180780094;4,56967918960667;0,198017381805729;5,07686820650729;3,83485125811054;0,15;6,15;2,39279529993816;101,133333333333;110,1;105,616666666667;17,9333333333333;0,705206398706349;NA;NA;NA;4,34815795108027;78,1219045210755;17,9666666666667;"Not Sampled";0,6;0,0333951762523191;0,21714727;0,008915;NA;NA;52;22,5;71;20;NA;NA;NA;NA;NA;NA;NA;0,0252789002563147;0,0119413299725858;NA;NA;NA;NA;NA;9,94448808122187;16,9639582939522;0,696456778805388;0,0169639582939522;0,000696456778805388;4062,33903509593;1757,7428517242;4,06233903509593;1,7577428517242;5546,65522099636;1562,43809042151;5,54665522099636;1,56243809042151;0,251385722305318;0,118750413586317;0,000251385722305318;0,000118750413586317;17,2153440162575;0,499576673530149;0,0172153440162575;0,000499576673530149;0,985397577761564;0,0146024222384356;8,92760518112753;1,29158882353582;52,9146306090311;2,12054243966462;55,0351730486957;1794,04351434192;0;0;0;0;0;0;0;0;16,290614291845;14,9077507815181;13,697830466194;39,9;39,9;39,9;39,9;0;39,9;43986,27;36726,559;16239,535;9977,246;17769,49;16239,535;5733,829;14753,196;42192,2264856581;0,000122622712380414;0;"9-4";"W8";"9"
2016-05-24 12:00:00;"W9-1";2016-05-29 12:08:00;4,53054335168533;3,77969936227555;-0,75084398940978;5,11676366158044;3,03917897069829;2,18333333333333;32,6833333333333;12,5747434119279;110,116666666667;170,183333333333;140,15;120,133333333333;-1,49136438098704;NA;NA;NA;3,98854631501369;479,157363976978;120,133333333333;"Sampled";11,8;0,0982241953385128;0,18378898;0,00574;0,945;173,6805863;47;25;65;8;6;-30,55;0,413521462562707;6;11,79775281;NA;1e-04;0,04083495152299;0,0235760702541436;2;-27,835;1,74655374953077;1,75;4,465;5,65298013729159;88,0638431848175;2,75036326922785;0,0880638431848175;0,00275036326922785;22520,396106918;11978,9340994245;22,520396106918;11,9789340994244;31145,2286585036;3833,25891181582;31,1452286585036;3,83325891181582;0,230839169866727;0,133275056862065;0,000230839169866727;0,000133275056862065;88,2946823546843;1,94708247815794;0,0882946823546843;0,00194708247815794;0,997385582418889;0,00261441758111133;49,8265202692955;7,28118155770622;53,0026944522159;2,12077327883449;55,1234677310504;1843,87003461122;0;0;0;0;0;0;0;0;16,290614291845;14,9077507815181;13,697830466194;44,9;44,9;44,9;44,9;0;44,9;43986,27;36726,559;16239,535;9977,246;17769,49;16239,535;5733,829;14753,196;42142,3999653888;0,000628911825919594;-0,0192132562818436;"9-5";"W9";"9"
2016-05-29 12:10:00;"W9-2";2016-05-30 05:46:00;3,75775948982044;36,5208837535871;32,7631242637667;185,627883896231;3,67039218303232;3,85;6,31666666666667;1,70529300567108;170,2;172,883333333333;53,7809073724008;17,6;181,870124406411;10;38,0704847621807;"382.333333333333";16,5599531485507;291,455175414492;17,6;"Sampled";18,4;1,04545454545455;26,73670211;1,16699;0,545;14571,50265;54;66;64;61;4;-31,425;0,478713553878169;4;6640;4,714045208;0,1877;0,012539998506653;0,00723997151345363;3;-28,74;2,01119367540772;0,874999999999996;3,56;1935,26236475223;7792,55020347507;340,125275156958;7,79255020347507;0,340125275156958;15738,5794723826;19236,0415773565;15,7385794723826;19,2360415773565;18653,1312265275;17778,765700284;18,6531312265275;17,778765700284;24,2681871639747;14,011244391865;0,0242681871639747;0,014011244391865;7816,81839063904;240,708867483112;7,81681839063904;0,240708867483112;0,996895388129647;0,00310461187035339;39,8923661801799;14,3417781180076;60,795244655691;2,14504146599846;62,9402861216894;1883,7624007914;1803,066;1803,066;0;1803,066;0;0;1803,066;0;16,290614291845;19,5955863484217;13,697830466194;0,7;45,6;0,7;45,6;1803,066;0,7;45789,336;38529,625;16239,535;11780,312;17769,49;16239,535;7536,895;14753,196;43905,5735992086;0,0556782061595791;-1,74968762856477;"10-1";"W9";"10"
2016-05-30 05:48:00;"W9-3";2016-05-30 12:10:00;37,3219070028697;186,487595747524;149,165688744654;186,487595747524;37,3219070028697;0;0,166666666666667;0,0241319444444444;0;0;0;6,36666666666667;149,165688744654;NA;NA;NA;88,6789641467239;564,589405067475;6,36666666666667;"Sampled";13,2;2,07329842931937;12,18629264;0,24303;0,8;9749,034115;55;79;69;26;2;-29,6;0;2;632,5;21,21320344;0,0213;0,257562492227582;0,148703774220745;3;-27,99;1,68511127229035;2,7;4,31;357,102798705178;6880,25171159575;137,212163113548;6,88025171159575;0,137212163113548;31052,4172787111;44602,5630003305;31,0524172787111;44,6025630003305;38956,6689496558;14679,3245317543;38,9566689496558;14,6793245317544;91,9762868159502;53,1025339522509;0,0919762868159502;0,0531025339522509;6972,2279984117;104,036187979109;6,9722279984117;0,104036187979109;0,986808192899472;0,0131918071005284;72,1150020991394;27,1646888286956;67,6754963672867;2,23701775281441;69,9125141201011;1955,87740289054;0;0;0;0;0;0;0;0;16,290614291845;19,5955863484217;13,697830466194;1;45,9;1;45,9;0;1;45789,336;38529,625;16239,535;11780,312;17769,49;16239,535;7536,895;14753,196;43833,4585971095;0,0496622958967606;-1,47000395854411;"10-2";"W9";"10"
2016-05-30 12:12:00;"W9-4";2016-05-30 17:26:00;187,005876598019;65,8727075257356;-121,133169072283;187,005876598019;65,4833844071695;0,0833333333333333;1,9;0,729113924050633;0;0;0;5,23333333333333;-121,52249219085;NA;NA;NA;91,4295130757144;478,481118429572;5,23333333333333;"Sampled";0,6;0,114649681528662;12,5765701;0,18288;0,81;10187,02178;1;1;1;1;3;-29,7333333333333;0,152752523165193;3;162,3333333;2,357022604;1e-04;0,170103648223062;0,098209387091722;3;-27,55;2,10672731980197;2,56666666666666;4,75;77,6734348757845;6017,65132745591;87,5046269384001;6,01765132745591;0,0875046269384001;478,481118429572;478,481118429572;0,478481118429572;0,478481118429572;478,481118429572;478,481118429572;0,478481118429572;0,478481118429572;13,2125346423874;7,62826043245958;0,0132125346423874;0,00762826043245958;6030,8638620983;62,1097822120397;6,0308638620983;0,0621097822120397;0,99780918041851;0,00219081958149033;6,92960833091313;0,369878753981512;73,6931476947426;2,2502302874568;75,9433779821994;1962,80701122145;0;0;0;0;0;0;0;0;16,290614291845;19,5955863484217;13,697830466194;1,2;46,1;1,2;46,1;0;1,2;45789,336;38529,625;16239,535;11780,312;17769,49;16239,535;7536,895;14753,196;43826,5289887786;0,0429570785265248;-1,27725713485534;"10-3";"W9";"10"
2016-05-30 17:28:00;"W9-5x";2016-05-31 11:58:00;65,2019660205885;34,4106644552236;-30,7913015653649;65,5579382531767;34,2696579323942;1,91666666666667;9;4,43345323741007;0;0;0;18,5;-30,9323080881943;NA;NA;NA;47,9985138239316;887,972505742735;18,5;"Not Sampled";0,2;0,0108108108108108;6,545281991;0,09212;NA;NA;32;4,5;40;16;NA;NA;NA;NA;NA;NA;NA;0,227600120050496;0,0505765090640176;NA;NA;NA;NA;NA;92,1902012263724;5812,03045034107;81,8000272290207;5,81203045034107;0,0818000272290207;28415,1201837675;3995,87627584231;28,4151201837675;3,99587627584231;35518,9002297094;14207,5600918838;35,5189002297094;14,2075600918838;20,9825008666017;4,66265854793923;0,0209825008666017;0,00466265854793923;5833,01295120767;57,9352433299594;5,83301295120767;0,0579352433299594;0,996402802283808;0,00359719771619185;65,3317996755894;7,45185098542799;79,5051781450837;2,2712127883234;81,7763909334071;2028,13881089704;0;0;0;0;0;0;0;0;16,290614291845;19,5955863484217;13,697830466194;2;46,9;2;46,9;0;2;45789,336;38529,625;16239,535;11780,312;17769,49;16239,535;7536,895;14753,196;43761,197189103;0,0415478115773756;0;"10-4";"W9";"10"
2016-05-31 12:00:00;"W10-1";2016-06-02 12:56:00;34,4923315641789;12,8040647626487;-21,6882668015302;35,0572482298323;12,6429190917158;9,01666666666667;18,25;6,25532108009984;0;9,01666666666667;1,90490129339687;48,9333333333333;-21,8494124724631;NA;NA;NA;19,8526044950751;971,454113292344;48,9333333333333;"Sampled";5,8;0,118528610354223;0,513993882;0,00136;0,92;472,8743716;63;8;79;31;3;-29,0666666666667;0,251661147842358;3;109,8425197;28,39562665;0,0072;0,285096591877929;0,00294363103631313;NA;NA;NA;3,23333333333333;NA;106,70696757696;499,321470876;1,32117759407759;0,499321470876;0,00132117759407759;61201,6091374177;7771,63290633875;61,2016091374177;7,77163290633875;76744,8749500952;30115,0775120627;76,7448749500952;30,1150775120627;30,4217927858201;0,314105941550399;0,0304217927858201;0,000314105941550399;529,74326366182;0,96025329408701;0,52974326366182;0,00096025329408701;0,942572572654287;0,0574274273457131;128,89001303853;15,6711646137477;80,0044996159597;2,30163458110922;82,3061341970689;2157,02882393557;0;0;0;0;0;0;0;0;16,290614291845;19,5955863484217;13,697830466194;4;48,9;4;48,9;0;4;45789,336;38529,625;16239,535;11780,312;17769,49;16239,535;7536,895;14753,196;43632,3071760644;0,00377329409125492;-0,10967708158581;"10-5";"W10";"10"
2016-06-02 12:58:00;"W10-2";2016-06-03 12:04:00;12,964651810119;30,8019151152005;17,8372633050815;142,636592237813;10,0371020954848;2,53333333333333;9,06666666666667;3,72034101825168;3,43333333333333;10,6;4,35761287223823;23,1;129,671940427694;11;36,8384469888393;"106";25,7808782086433;595,53828661966;23,1;"Sampled";9,6;0,415584415584416;3,388018252;0,03206;0,62;2100,571316;52;16;41;15;4;-30,025;0,478713553878169;4;2027;74,95331881;0,0799;2,2004221993101;0,0364307293985086;NA;NA;NA;2,275;NA;1207,15610697805;2017,69458483222;19,0929574690263;2,01769458483222;0,0190929574690263;30967,9909042223;9528,61258591456;30,9679909042223;9,52861258591456;24417,0697514061;8933,0742992949;24,4170697514061;8,9330742992949;2656,25309582726;43,9775774750745;2,65625309582726;0,0439775774750745;4673,94768065948;33,9010939756391;4,67394768065948;0,0339010939756391;0,431689595752498;0,568310404247502;57,1928717565637;7,14291319925015;82,0221942007919;4,95788767693648;86,9800818777284;2214,22169569213;0;0;0;0;0;0;0;0;16,290614291845;19,5955863484217;13,697830466194;5;49,9;5;49,9;0;5;45789,336;38529,625;16239,535;11780,312;17769,49;16239,535;7536,895;14753,196;43575,1143043079;0,033291936634282;-0,999590397444316;"11-1";"W10";"11"
2016-06-03 12:06:00;"W10-3";2016-06-04 08:34:00;30,8639320921604;62,2620375549023;31,3981054627419;121,660868224042;25,5040985530438;0,233333333333333;3,4;1,02460704607046;0;0;0;20,4666666666667;90,7969361318816;12;85,8802036708116;"17.6666666666667";43,5876816127707;892,094550341373;20,4666666666667;"Sampled";10,6;0,517915309446254;3,333898457;0,04514;0,92;3067,18658;76;44;39;10;3;-30,3666666666667;0,550757054728609;3;2243;91,92388155;0,0994;0,0333206387075076;0,000487049386505932;NA;NA;NA;1,93333333333333;NA;2000,9680764157;2974,15264488121;40,2691480024096;2,97415264488121;0,0402691480024096;67799,1858259443;39252,1602150204;67,7991858259443;39,2521602150204;34791,6874633135;8920,94550341373;34,7916874633135;8,92094550341373;66,673534339504;0,974570274036221;0,066673534339504;0,000974570274036221;3040,82617922072;28,482925306743;3,04082617922072;0,028482925306743;0,978073875187239;0,0219261248127608;101,926256683987;23,4490545168132;84,9963468456731;5,02456121127599;90,0209080569491;2316,14795237612;0;0;0;0;0;0;0;0;16,290614291845;19,5955863484217;13,697830466194;5,8;50,7;5,8;50,7;0;5,8;45789,336;38529,625;16239,535;11780,312;17769,49;16239,535;7536,895;14753,196;43473,1880476239;0,0216594192727887;-0,657724365250349;"12-1";"W10";"12"
2016-06-04 08:36:00;"W10-4";2016-06-04 10:58:00;62,7674300439219;303,757519272057;240,990089228135;327,473311655984;62,7674300439219;0;0,25;0,0347222222222222;0;0;0;2,36666666666667;264,705881612062;NA;NA;NA;229,221860184949;542,491735771046;2,36666666666667;"Sampled";6,6;2,7887323943662;5,179724598;0,13682;0,61;3159,632005;65;13;35;21;3;-30,7;0,360555127546399;3;1876,25;139,6535893;0,0631;0,0631145389671154;0,000560364438157891;NA;NA;NA;1,6;NA;1017,85011924043;2809,957787985;74,2237192881945;2,809957787985;0,0742237192881945;35261,962825118;7052,3925650236;35,261962825118;7,0523925650236;18987,2107519866;11392,326451192;18,9872107519866;11,392326451192;64,2411410134829;0,570367010197103;0,0642411410134829;0,000570367010197103;2874,19892899849;52,4856448159829;2,87419892899849;0,0524856448159829;0,9776490275724;0,0223509724276001;55,073364996425;7,02030788278619;87,8063046336581;5,08880235228947;92,8951069859476;2371,22131737254;0;0;0;0;0;0;0;0;16,290614291845;19,5955863484217;13,697830466194;5,9;50,8;5,9;50,8;0;5,9;45789,336;38529,625;16239,535;11780,312;17769,49;16239,535;7536,895;14753,196;43418,1146826275;0,0204725544991632;-0,628507423124311;"12-2";"W10";"12"
2016-06-04 11:00:00;"W10-5";2016-06-04 15:30:00;298,894815417645;225,504320163948;-73,390495253697;298,894815417645;64,3350116173632;0,266666666666667;1,68333333333333;0,62328431372549;0;0;0;4,5;-234,559803800282;NA;NA;NA;136,612650343944;614,756926547748;4,5;"Sampled";4;0,888888888888889;5,525509132;0,06243;0,63;3481,070753;72;18;36;5;5;-29,42;0,303315017762062;5;570,625;73,36232855;0,0357;0,0667628469880093;0,00149948975809853;NA;NA;NA;2,88;NA;350,795671211309;3396,84501159983;38,3792749243759;3,39684501159983;0,0383792749243759;44262,4987114379;11065,6246778595;44,2624987114378;11,0656246778595;22131,2493557189;3073,78463273874;22,1312493557189;3,07378463273874;23,4201177211366;0,526014516166657;0,0234201177211366;0,000526014516166657;3420,26512932097;27,1407943416552;3,42026512932097;0,0271407943416552;0,993152543198958;0,00684745680104228;67,4750993210225;6,66886986825718;91,203149645258;5,11222247001061;96,3153721152686;2438,69641669357;0;0;0;0;0;0;0;0;16,290614291845;19,5955863484217;13,697830466194;6,1;51;6,1;51;0;6,1;45789,336;38529,625;16239,535;11780,312;17769,49;16239,535;7536,895;14753,196;43350,6395833064;0,0243621147983693;-0,716733417368024;"12-3";"W10";"12"
2016-06-04 15:32:00;"W10-6x";2016-06-07 11:58:00;231,653456131159;18,1935548682129;-213,459901262946;360,462544499159;17,2685312981083;0;20,85;7,87419668938656;0;0,15;0,000900681596884129;68,4333333333333;-214,384924833051;13;74,6434138904366;"26.3333333333333";49,5938543841663;3395,52589683592;68,4666666666667;"Not Sampled";2,6;0,0379746835443038;3,1359890125;0,031965;NA;NA;74,5;24,5;38;32,5;NA;NA;NA;NA;NA;NA;NA;0,0499853298843638;0,00102263725368476;NA;NA;NA;NA;NA;245,569600956398;10648,3319041367;108,53798529236;10,6483319041367;0,10853798529236;252966,679314276;83190,38447248;252,966679314276;83,19038447248;129029,984079765;110354,591647167;129,029984079765;110,354591647167;12,2748775133771;0,251128622310513;0,0122748775133771;0,000251128622310513;10660,60678165;76,7481508471362;10,66060678165;0,0767481508471362;0,998848576092826;0,00115142390717437;378,939462150015;73,4840970336799;101,851481549395;5,12449734752398;106,975978896919;2817,63587884358;6506,818;6307,544;5346,189;0;1160,628;3293,605;0;3016,294;19,5945276023695;19,5955863484217;17,661693403085;2,9;2,9;9;2,9;6506,818;2,9;52296,154;44837,169;21585,724;11780,312;18930,118;19533,14;7536,895;17769,49;49478,5181211564;0,075934150252964;0;"13-1";"W10";"13"
2016-06-07 12:00:00;"W11-1";2016-06-10 05:24:00;18,1758438945703;10,3473986479497;-7,8284452466206;38,417591539855;9,60185597174543;20,8666666666667;24,8166666666667;6,120877907964;0;21,9833333333333;8,0518254372559;65,4;-8,57398792282487;14;22,6492212045719;"79";14,2586415009587;932,515154162702;65,4;"Sampled";10,4;0,159021406727829;0,746468893;0,0015;0,87;649,4279372;77;31;40;60;3;-28,6;0,458257569495585;3;150,5;30,40559159;0,0202;0,0332078127807182;0,000545784749270993;NA;NA;NA;3,7;NA;140,343530701487;696,093554833556;1,39877273124405;0,696093554833557;0,00139877273124405;71803,666870528;28907,9697790438;71,803666870528;28,9079697790438;37300,6061665081;55950,9092497621;37,3006061665081;55,9509092497621;4,66050169251995;0,0765973587157168;0,00466050169251995;7,65973587157168e-05;700,754056526076;0,990563554002006;0,700754056526076;0,000990563554002006;0,993349304725221;0,00665069527477865;105,818230518334;32,6115642368988;102,547575104228;5,1291578492165;107,676732953445;2923,45410936192;0;0;0;0;0;0;0;0;19,5945276023695;19,5955863484217;17,661693403085;5,6;5,6;11,7;5,6;0;5,6;52296,154;44837,169;21585,724;11780,312;18930,118;19533,14;7536,895;17769,49;49372,6998906381;0,00499138228325022;-0,142753533300956;"14-1";"W11";"14"
2016-06-10 05:26:00;"W11-2";2016-06-14 12:32:00;10,1679189183597;8,67470479211506;-1,49321412624464;15,766291193378;5,44773584748298;1,98333333333333;15,3333333333333;3,43935035552683;22;73,55;47,775;103,1;-4,72018307087672;15;24,0283590789252;"150";8,70259045438841;897,237075847445;103,1;"Sampled";27,4;0,265761396702231;4,459848052;0,07425;0,87;3880,067806;82;17;63;9;5;-29,78;0,396232255123179;5;1377;49,49747468;0,1236;0,0484131730889091;0,000441335856118419;NA;NA;NA;2,52;NA;1235,49545344193;4001,5410249004;66,6198528816728;4,0015410249004;0,0666198528816728;73573,4402194905;15253,0302894066;73,5734402194905;15,2530302894066;56525,935778389;8075,13368262701;56,525935778389;8,075133682627;59,8142552380445;0,545268443675209;0,0598142552380445;0,000545268443675209;4061,35528013845;47,1089275809341;4,06135528013845;0,0471089275809341;0,985272341099889;0,0147276589001112;127,555665929362;9,80895116381701;106,549116129129;5,18897210445455;111,738088233583;3051,00977529128;0;0;0;0;0;0;0;0;19,5945276023695;19,5955863484217;17,661693403085;9,9;9,9;16;9,9;0;9,9;52296,154;44837,169;21585,724;11780,312;18930,118;19533,14;7536,895;17769,49;49245,1442247087;0,0289285186471317;-0,861491285311582;"15-1";"W11";"15"
2016-06-14 12:34:00;"W11-3";2016-06-14 13:04:00;10,466363833692;411,737093846992;401,2707300133;411,737093846992;10,466363833692;0;0,2;0,084375;73,5666666666667;73,5833333333333;9,196875;0,5;401,2707300133;NA;NA;NA;214,935029585366;107,467514792683;0,5;"Sampled";0,4;0,8;3,123106254;0,147;0,23;718,3144384;83;29;38;34;3;-29,9333333333333;0,450924975282289;3;14572;113,137085;0,6916;0,0617283429394929;0,000871530536543598;NA;NA;NA;2,36666666666666;NA;1566,01662555898;335,632467550866;15,7977246745244;0,335632467550866;0,0157977246745244;8919,80372779269;3116,55792898781;8,91980372779269;3,11655792898781;4083,76556212195;3653,89550295122;4,08376556212195;3,65389550295122;96,667611311452;1,36483130990961;0,096667611311452;0,00136483130990961;432,300078862318;11,212289449452;0,432300078862318;0,011212289449452;0,776387708357926;0,223612291642073;13,0163091549477;2,57903686539568;106,884748596679;5,285639715766;112,170388312445;3064,02608444623;0;0;0;0;0;0;0;0;19,5945276023695;19,5955863484217;17,661693403085;9,9;9,9;16;9,9;0;9,9;52296,154;44837,169;21585,724;11780,312;18930,118;19533,14;7536,895;17769,49;49232,1279155538;0,00307921864252633;-0,0921712780329549;"15-2";"W11";"15"
2016-06-14 13:06:00;"W12-1";2016-06-15 08:12:00;405,049675077593;29,7693581269848;-375,280316950608;405,049675077593;28,5479807167672;0,216666666666667;5,11666666666667;1,55766550522648;0;0;0;19,1;-376,501694360826;NA;NA;NA;55,9093116569973;1066,00420892675;19,0666666666667;"Sampled";6,2;0,325174825174825;0,018969085;0,132385;0,97;18,4;46;51;66;47;NA;NA;NA;NA;1645;32,52691193;0,0742;0,202083305717919;0,00276931515091113;NA;NA;NA;NA;NA;1753,5769236845;20,2211244494893;141,122967198768;0,0202211244494893;0,141122967198768;49036,1936106305;54366,2146552642;49,0361936106305;54,3662146552642;70356,2777891655;50102,1978195572;70,3562777891655;50,1021978195572;354,368621568823;4,85620714304763;0,354368621568823;0,00485620714304763;374,589746018313;99,8480711351017;0,374589746018313;0,0998480711351017;0,0539820554738322;0,946017944526168;110,865799145649;40,4872213797378;106,904969721129;5,64000833733482;112,544978058464;3174,89188359187;0;0;0;0;0;0;0;0;19,5945276023695;19,5955863484217;17,661693403085;10,7;10,7;16,8;10,7;0;10,7;52296,154;44837,169;21585,724;11780,312;18930,118;19533,14;7536,895;17769,49;49121,2621164081;0,00266815525982393;0;"15-3";"W12";"15"
2016-06-15 08:14:00;"W12-2";2016-06-16 08:20:00;29,4718865015879;19,4734298135671;-9,9984566880208;30,6820063606051;19,4692965836986;0,666666666666667;6,41666666666667;2,10674493554328;0;0;0;24,1;-10,0025899178893;NA;NA;NA;24,9986174885763;601,63339422507;24,0666666666667;"Sampled";2,4;0,0997229916897507;0,010987175;0,11777;0,68;7,47;30;9;30;7;NA;NA;NA;NA;33,75;10,25304833;0,0023;0,0301402316294189;0,0174024351236163;NA;NA;NA;NA;NA;20,3051270550961;6,61025138819483;70,8543648378865;0,00661025138819483;0,0708543648378865;18049,0018267521;5414,70054802563;18,0490018267521;5,41470054802563;18049,0018267521;4211,43375957549;18,0490018267521;4,21143375957549;0,612001232705377;0,353358656253096;0,000612001232705377;0,000353358656253096;7,22225262090021;50,1022248953091;0,00722225262090021;0,0501022248953091;0,915261724446701;0,0847382755532989;33,9091672502894;3,80594505275543;106,911579972517;5,64062033856753;112,552200311085;3208,80105084216;0;0;0;0;0;0;0;0;19,5945276023695;19,5955863484217;17,661693403085;11,7;11,7;17,8;11,7;0;11,7;52296,154;44837,169;21585,724;11780,312;18930,118;19533,14;7536,895;17769,49;49087,3529491578;5,14431895775652e-05;0;"15-4";"W12";"15"
2016-06-16 08:22:00;"W12-3";2016-06-17 00:48:00;19,5061438508537;328,842385000472;309,336241149618;824,618914936738;17,5987732203338;0,45;4,01666666666667;1,10107962213225;0;0,15;0,00364372469635628;16,4333333333333;805,112771085884;16;37,2038602253161;"56";68,2312518848933;1121,26690597508;16,4333333333333;"Sampled";18,6;1,13184584178499;0,024591845;0,103155;1,2;29,51;60;11;51;2;NA;NA;NA;NA;2382;45,254834;0,1104;0,0862604674378649;0,0012713790048027;NA;NA;NA;NA;NA;2670,85777003264;27,5740219553687;115,664287685859;0,0275740219553687;0,115664287685859;67276,0143585048;12333,9359657259;67,2760143585048;12,3339359657259;57184,6122047291;2242,53381195016;57,1846122047291;2,24253381195016;230,389439703069;3,39567249363366;0,230389439703069;0,00339567249363366;257,963461658438;81,8222403676447;0,257963461658438;0,0818222403676447;0,106891192179297;0,893108807820703;117,922166224264;7,32064887530029;106,939153994472;5,8710097782706;112,810163772743;3326,72321706643;0;0;0;0;0;0;0;0;19,5945276023695;19,5955863484217;17,661693403085;12,4;12,4;18,5;12,4;0;12,4;52296,154;44837,169;21585,724;11780,312;18930,118;19533,14;7536,895;17769,49;48969,4307829336;0,00183744102550181;0;"16-1";"W12";"16"
2016-06-17 00:50:00;"W12-4";2016-06-17 11:04:00;334,183508000378;54,2607608429864;-279,922747157392;339,928645120242;54,2607608429864;0,533333333333333;2,51666666666667;1,07083333333333;0;0;0;10,2333333333333;-279,922747157392;NA;NA;NA;95,6752931486318;979,077166554332;10,2333333333333;"Sampled";0,6;0,0586319218241042;0,027985134;0,08854;0,6;16,79;59;6;67;3;NA;NA;NA;NA;71;22,627417;0,0037;0,0461557231513497;0,026661116655478;NA;NA;NA;NA;NA;69,5144788253576;27,3996057023633;86,6874923267205;0,0273996057023633;0,0866874923267205;57765,5528267056;5874,46299932599;57,7655528267056;5,87446299932599;65598,1701591403;2937,231499663;65,5981701591403;2,937231499663;3,20849103967357;1,85333362920761;0,00320849103967357;0,00185333362920761;30,6080967420369;61,3113210240832;0,0306080967420369;0,0613113210240833;0,895175088254767;0,104824911745233;115,287638781791;3,74347977107857;106,966553600175;5,87421826931027;112,840771869485;3442,01085584822;0;0;0;0;0;0;0;0;19,5945276023695;19,5955863484217;17,661693403085;12,8;12,8;18,9;12,8;0;12,8;52296,154;44837,169;21585,724;11780,312;18930,118;19533,14;7536,895;17769,49;48854,1431441518;0,000218017591734806;0;"16-2";"W12";"16"
2016-06-17 11:06:00;"W12-5x";2016-06-21 11:58:00;55,0414086743892;11,0002615506972;-44,041147123692;83,1555629335171;10,8760015680973;0,05;24,7666666666667;7,25720674234606;0;9,25;1,25791766999197;96,8666666666667;-44,1654071062919;17;37,899673813072;"42.3333333333333";33,1648814542001;3553,0642997933;107,133333333333;"Not Sampled";13;0,121344119477287;3,4138818165;0,073925;NA;NA;65;17;74,5;29,5;NA;NA;NA;NA;NA;NA;NA;0,0633315363304427;0,0366744063072866;NA;NA;NA;NA;NA;152,105595111131;12129,7416059197;262,66027836222;12,1297416059197;0,26266027836222;230949,179486565;60402,0930964861;230,949179486565;60,4020930964861;264703,290334601;104815,396843902;264,703290334601;104,815396843902;9,63308102284418;5,57838239671724;0,00963308102284418;0,00557838239671724;12139,3746869425;185,770746054758;12,1393746869425;0,185770746054758;0,999206459865416;0,000793540134584183;475,045188932052;63,0760365685734;119,096295206094;5,88385135033312;124,980146556428;3917,05604478027;0;0;0;0;0;0;0;0;19,5945276023695;19,5955863484217;17,661693403085;16,8;16,8;23;16,8;0;16,8;52296,154;44837,169;21585,724;11780,312;18930,118;19533,14;7536,895;17769,49;48379,0979552197;0,0864672265224143;0;"17-1";"W12";"17"
2016-06-21 12:00:00;"W13-1";2016-06-24 14:50:00;10,9696092405578;6,29065316945106;-4,67895607110674;11,2744053307495;5,93515099628816;4,33333333333333;31,0666666666667;13,4774562184625;6,01666666666667;43,4333333333333;24,725;74,8333333333333;-5,03445824426964;NA;NA;NA;8,14612714188196;609,601847784166;74,8333333333333;"Sampled";0,4;0,00534521158129176;6,799778499;0,05931;0,52;3535,88;71;28;82;56;3;-30,6;0,200000000000001;3;385;NA;1e-04;0,0805073495095356;0,0466876959590953;NA;NA;NA;1,7;NA;234,696711396904;4145,15753751344;36,1554855920789;4,14515753751344;0,0361554855920789;43281,7311926758;17068,8517379566;43,2817311926758;17,0688517379566;49987,3515183016;34137,7034759133;49,9873515183016;34,1377034759133;18,8948101731692;10,9574487042982;0,0188948101731692;0,0109574487042982;4164,05234768661;26,7140863638114;4,16405234768661;0,0267140863638114;0,995462398501386;0,00453760149861382;91,2438614392879;19,7260442578277;123,241452743608;5,90274616050629;129,144198904114;4008,29990621956;0;0;0;0;0;0;0;0;19,5945276023695;19,5955863484217;17,661693403085;20;20;26,1;20;0;20;52296,154;44837,169;21585,724;11780,312;18930,118;19533,14;7536,895;17769,49;48287,8540937804;0,0296600168364434;-0,907596515195169;"17-2";"W13";"17"
2016-06-24 14:52:00;"W13-2";2016-06-25 07:48:00;6,41472253556085;37,9025646875413;31,4878421519805;247,752551635421;5,85608025318542;31,0833333333333;32,15;5,37914210870989;43,45;49,5666666666667;33,6248853962017;16,9333333333333;241,33782909986;18;72,0394204168723;"156.333333333333";35,0030203817473;592,717811797588;16,9333333333333;"Sampled";24;1,41732283464567;16,81170823;0,044695;0,56;9414,56;78;35;71;27;4;-29;0,270801280154531;4;796,5625;794,1693036;0,0248;0,0450666485315605;0,000863370020672282;NA;NA;NA;3,3;NA;472,136781960016;9964,5989146651;26,4915225982932;9,9645989146651;0,0264915225982932;46231,9893202119;20745,1234129156;46,2319893202119;20,7451234129156;42082,9646376287;16003,3809185349;42,0829646376287;16,0033809185349;21,2776224114141;0,407628743200964;0,0212776224114141;0,000407628743200964;9985,87653707651;18,7345527137448;9,98587653707651;0,0187345527137448;0,997869228371449;0,00213077162855083;93,2468465182225;14,5451207224411;133,206051658273;5,9240237829177;139,130075441191;4101,54675273778;0;0;0;0;0;0;0;0;19,5945276023695;19,5955863484217;17,661693403085;20,7;20,7;26,8;20,7;0;20,7;52296,154;44837,169;21585,724;11780,312;18930,118;19533,14;7536,895;17769,49;48194,6072472622;0,0711281322822182;-2,06271583618433;"18-1";"W13";"18"
2016-06-25 07:50:00;"W13-3";2016-06-28 08:54:00;37,5138517500331;8,23549776969058;-29,2783539803425;38,5453935211607;8,05875315952984;0,316666666666667;26,1333333333333;9,86936464508284;0;29,7166666666667;12,087224502204;73,0666666666667;-29,4550985905033;NA;NA;NA;13,7898774031348;1007,58037558905;73,0666666666667;"Sampled";2,6;0,0355839416058394;1,018867237;0,03008;1,032;1051,47;50;67;43;37;NA;NA;NA;NA;66,25;NA;0,0232;0,0632954706768891;0,00121159084852642;NA;NA;NA;NA;NA;66,7521998827746;1026,59063333184;30,3080176977186;1,02659063333184;0,0303080176977186;50379,0187794525;67507,8851644664;50,3790187794525;67,5078851644664;43325,9561503292;37280,4738967949;43,3259561503292;37,2804738967949;4,225111910298;0,080876354496976;0,004225111910298;8,0876354496976e-05;1030,81574524214;21,4310811410664;1,03081574524214;0,0214310811410664;0,995901195795854;0,00409880420414565;89,5769999069956;43,7330110854141;134,232642291605;5,928248894828;140,160891186433;4191,12375264478;0;0;0;0;0;0;0;0;19,5945276023695;19,5955863484217;17,661693403085;23,7;23,7;29,8;23,7;0;23,7;52296,154;44837,169;21585,724;11780,312;18930,118;19533,14;7536,895;17769,49;48105,0302473552;0,00734236983743455;0;"18-2";"W13";"18"
2016-06-28 08:56:00;"W14-1";2016-07-04 14:40:00;8,23239821575246;4,1239733640751;-4,10842485167736;14,7713697139681;3,59759130381585;1,65;72,6833333333333;35,3442132205653;29,7333333333333;104,6;67,1666666666667;149,733333333333;-4,63480691193661;NA;NA;NA;6,28554710543688;941,155919920749;149,733333333333;"Sampled";1;0,00667853962600178;0,148914686;0,015465;1,05;156,36;21;7;44;28;NA;NA;NA;NA;54,03846154;12,2383866;0,0041;0,0910979338218664;0,00224095208416445;NA;NA;NA;NA;NA;50,8586179817807;140,151938292039;14,5549763015744;0,140151938292039;0,0145549763015744;19764,2743183357;6588,09143944524;19,7642743183357;6,58809143944524;41410,860476513;26352,365757781;41,410860476513;26,352365757781;4,63311501517584;0,113971725963995;0,00463311501517585;0,000113971725963995;144,785053307215;10,2922379659069;0,144785053307215;0,0102922379659069;0,968000046210951;0,0319999537890487;55,9352852762834;13,6773977931375;134,372794229897;5,93288200984317;140,30567623974;4247,05903792106;0;0;0;0;0;0;0;0;19,5945276023695;19,5955863484217;17,661693403085;29,9;29,9;36,1;29,9;0;29,9;52296,154;44837,169;21585,724;11780,312;18930,118;19533,14;7536,895;17769,49;48049,0949620789;0,00103128557477024;0;"18-3";"W14";"18"
2016-07-04 14:42:00;"W15-1";2016-07-12 10:20:00;4,09777869126008;2,14905768871767;-1,94872100254241;4,51666331105987;1,94248256801407;72,7;84,1166666666667;38,0001924215512;104,616666666667;198,433333333333;151,525;187,633333333333;-2,15529612324601;NA;NA;NA;2,70409320708855;507,378022090048;187,633333333333;"Sampled";7,2;0,0383727127376088;0,167251535;0,00085;0,39;65,22809853;53;37;80;22;NA;NA;NA;NA;50;NA;8e-04;0,0886267128028998;0,0511686564941458;NA;NA;NA;NA;NA;25,3689011045024;84,8597530198244;0,431271318776541;0,0848597530198244;0,000431271318776541;26891,0351707725;18772,9868173318;26,8910351707725;18,7729868173318;40590,2417672038;11162,3164859811;40,5902417672038;11,1623164859811;2,2483623123139;1,29809258625024;0,0022483623123139;0,00129809258625024;87,1081153321383;0,967222650912677;0,0871081153321383;0,000967222650912677;0,974188830699172;0,0258111693008283;62,4106615758303;12,3347573679694;134,457653982917;5,93513037215549;140,392784355072;4309,46969949689;0;0;0;0;0;0;0;0;19,5945276023695;19,5955863484217;17,661693403085;37,8;37,8;43,9;37,8;0;37,8;52296,154;44837,169;21585,724;11780,312;18930,118;19533,14;7536,895;17769,49;47986,6843005031;0,000620460059484469;0;"18-4";"W15";"18"
